Rk,Player,Pos,Age,Tm,G,GS,MP,FG,FGA,FG%,3P,3PA,3P%,2P,2PA,2P%,eFG%,FT,FTA,FT%,ORB,DRB,TRB,AST,STL,BLK,TOV,PF,PTS
1,Precious Achiuwa,C-PF,24,TOT,40,1,17.2,2.7,5.8,.474,0.4,1.4,.278,2.4,4.4,.534,.507,0.7,1.2,.587,2.1,3.3,5.4,1.3,0.5,0.6,1.0,1.6,6.5
1,Precious Achiuwa,C,24,TOR,25,0,17.5,3.1,6.8,.459,0.5,1.9,.277,2.6,4.9,.528,.497,1.0,1.7,.571,2.0,3.4,5.4,1.8,0.6,0.5,1.2,1.6,7.7
1,Precious Achiuwa,PF,24,NYK,15,1,16.7,2.1,4.0,.517,0.1,0.5,.286,1.9,3.5,.547,.533,0.2,0.3,.750,2.3,3.1,5.3,0.6,0.3,0.7,0.6,1.7,4.5
2,Bam Adebayo,C,26,MIA,37,37,34.9,7.6,15.3,.499,0.0,0.3,.091,7.6,15.0,.507,.500,5.4,6.9,.781,2.2,8.3,10.5,4.2,1.0,1.1,2.5,2.4,20.7
3,Ochai Agbaji,SG,23,UTA,48,10,20.1,2.2,5.1,.428,0.9,2.9,.324,1.2,2.2,.567,.521,0.3,0.4,.750,0.7,1.8,2.6,0.9,0.5,0.6,0.7,1.3,5.6
4,Santi Aldama,PF,23,MEM,36,10,23.8,4.0,9.2,.433,1.6,4.7,.351,2.3,4.5,.519,.523,1.0,1.6,.625,1.2,4.4,5.6,1.8,0.7,0.7,1.1,1.6,10.6
5,Nickeil Alexander-Walker,SG,25,MIN,47,16,23.0,2.5,5.7,.430,1.4,3.8,.374,1.0,1.9,.538,.554,0.5,0.7,.710,0.4,1.4,1.9,2.6,0.9,0.6,0.9,1.8,6.8
6,Grayson Allen,SG,28,PHO,42,42,33.0,4.5,8.6,.515,2.7,5.4,.498,1.8,3.3,.543,.669,1.7,1.9,.886,0.7,3.4,4.1,2.8,0.9,0.6,1.4,2.1,13.2
7,Jarrett Allen,C,25,CLE,39,39,30.6,6.2,9.6,.650,0.0,0.0,.000,6.2,9.6,.651,.650,2.8,3.7,.753,3.6,6.9,10.6,3.0,0.9,1.1,1.8,2.4,15.3
8,Jose Alvarado,PG,25,NOP,29,0,16.1,2.4,5.8,.408,1.3,3.3,.381,1.1,2.5,.444,.518,0.8,1.1,.667,0.4,1.7,2.1,1.8,1.0,0.3,0.8,1.4,6.8
9,Kyle Anderson,PF,30,MIN,47,2,22.3,2.4,5.3,.457,0.1,0.6,.172,2.3,4.6,.495,.468,1.3,1.9,.678,0.7,2.8,3.5,4.0,0.8,0.6,1.3,1.6,6.2
10,Giannis Antetokounmpo,PF,29,MIL,45,45,35.1,11.6,19.0,.607,0.4,1.7,.260,11.1,17.3,.642,.619,7.4,11.2,.661,2.6,9.0,11.7,6.2,1.3,1.1,3.6,3.0,31.0
11,Thanasis Antetokounmpo,PF,31,MIL,19,0,4.1,0.4,0.7,.500,0.0,0.0,,0.4,0.7,.500,.500,0.0,0.0,,0.2,0.2,0.4,0.5,0.1,0.2,0.5,0.7,0.7
12,Cole Anthony,PG,23,ORL,46,0,24.0,4.3,9.9,.429,1.1,3.5,.323,3.1,6.4,.486,.486,2.9,3.5,.839,1.0,3.2,4.1,3.3,0.8,0.5,1.8,2.6,12.6
13,OG Anunoby,SF,26,TOT,41,41,34.1,5.8,11.7,.498,2.1,5.5,.379,3.7,6.1,.606,.588,1.6,2.0,.774,1.0,3.2,4.2,2.3,1.3,0.7,1.5,2.3,15.3
13,OG Anunoby,SF,26,TOR,27,27,33.3,5.8,11.9,.489,2.3,6.0,.374,3.6,5.9,.608,.584,1.2,1.7,.717,0.9,3.0,3.9,2.7,1.0,0.5,1.6,2.3,15.1
13,OG Anunoby,SF,26,NYK,14,14,35.7,5.8,11.2,.516,1.8,4.6,.391,4.0,6.6,.602,.596,2.3,2.7,.842,1.1,3.6,4.6,1.5,1.8,1.1,1.4,2.4,15.6
14,Ryan Arcidiacono,PG,29,NYK,19,0,2.4,0.0,0.3,.000,0.0,0.3,.000,0.0,0.0,,.000,0.0,0.0,,0.0,0.4,0.4,0.2,0.1,0.0,0.1,0.3,0.0
15,Deni Avdija,SF,23,WAS,46,46,27.4,4.6,9.2,.501,1.0,2.6,.378,3.6,6.6,.550,.555,2.2,2.9,.761,1.0,5.2,6.2,3.9,0.9,0.4,1.8,2.5,12.4
16,Deandre Ayton,C,25,POR,31,31,31.7,6.1,11.2,.549,0.0,0.0,,6.1,11.2,.549,.549,1.1,1.4,.795,3.1,7.4,10.5,1.6,1.0,0.7,1.9,2.3,13.4
17,Udoka Azubuike,C,24,PHO,12,0,8.5,1.3,1.8,.727,0.0,0.0,,1.3,1.8,.727,.727,0.3,0.9,.273,0.9,1.7,2.6,0.3,0.0,0.5,0.3,1.4,2.9
18,Ibou Badji,C,21,POR,12,1,13.6,0.8,1.3,.600,0.0,0.0,,0.8,1.3,.600,.600,0.3,0.5,.500,1.5,2.2,3.7,0.7,0.2,1.4,0.8,2.7,1.8
19,Marvin Bagley III,C,24,TOT,33,12,19.8,4.5,7.6,.594,0.1,0.3,.222,4.5,7.3,.607,.598,2.4,3.2,.752,2.3,3.1,5.4,1.1,0.3,0.5,1.3,1.9,11.5
19,Marvin Bagley III,C,24,DET,26,10,18.4,4.1,7.0,.591,0.0,0.2,.167,4.1,6.7,.606,.594,1.9,2.3,.820,1.8,2.8,4.5,1.0,0.2,0.5,1.1,1.5,10.2
19,Marvin Bagley III,C,24,WAS,7,2,24.9,6.0,10.0,.600,0.1,0.4,.333,5.9,9.6,.612,.607,4.1,6.3,.659,4.3,4.1,8.4,1.3,0.7,0.4,2.1,3.3,16.3
20,Amari Bailey,PG,19,CHO,2,0,5.5,1.0,3.0,.333,0.0,1.0,.000,1.0,2.0,.500,.333,0.5,1.0,.500,1.0,0.0,1.0,0.0,0.0,0.0,0.5,0.0,2.5
Rk,Player,Pos,Age,Tm,G,GS,MP,FG,FGA,FG%,3P,3PA,3P%,2P,2PA,2P%,eFG%,FT,FTA,FT%,ORB,DRB,TRB,AST,STL,BLK,TOV,PF,PTS
21,Patrick Baldwin Jr.,SF,21,WAS,15,0,6.9,0.9,2.1,.452,0.6,1.1,.529,0.3,0.9,.357,.597,0.5,0.7,.700,0.3,1.6,1.9,0.4,0.1,0.2,0.3,1.1,2.9
22,LaMelo Ball,PG,22,CHO,22,22,32.3,8.3,19.2,.433,3.2,9.0,.355,5.1,10.3,.500,.515,4.1,4.7,.865,1.3,3.8,5.1,8.0,1.8,0.2,3.8,3.6,23.9
23,Mo Bamba,C,25,PHI,25,0,9.3,1.6,3.0,.547,0.4,0.8,.500,1.2,2.2,.564,.613,0.6,0.8,.667,1.3,1.8,3.1,0.6,0.4,0.9,0.6,1.4,4.2
24,Paolo Banchero,PF,21,ORL,47,47,34.9,8.1,18.0,.452,1.5,4.2,.355,6.7,13.8,.482,.494,5.2,7.5,.695,1.2,5.8,7.0,5.0,1.0,0.6,3.1,2.1,23.0
25,Desmond Bane,SG,25,MEM,37,37,34.5,8.9,18.8,.474,3.3,8.6,.384,5.6,10.2,.551,.563,3.3,3.8,.864,0.9,3.6,4.6,5.3,1.0,0.5,2.7,2.9,24.4
26,Dalano Banton,PG,24,BOS,22,1,7.4,0.9,2.1,.404,0.1,0.6,.143,0.8,1.5,.515,.426,0.6,0.8,.778,0.5,1.0,1.5,0.7,0.2,0.1,0.5,0.9,2.5
27,Dominick Barlow,PF,20,SAS,21,1,13.1,1.7,3.6,.474,0.1,0.3,.429,1.6,3.3,.478,.493,0.8,1.2,.615,1.2,2.1,3.3,1.2,0.4,0.5,0.2,1.5,4.3
28,Harrison Barnes,PF,31,SAC,45,45,29.7,4.0,8.4,.479,1.9,4.7,.406,2.1,3.7,.571,.592,1.9,2.3,.827,0.8,2.1,2.9,1.3,0.7,0.2,0.7,1.2,11.9
29,Scottie Barnes,SG,22,TOR,46,46,35.2,7.6,15.8,.480,1.9,5.3,.363,5.7,10.5,.539,.541,3.2,4.2,.764,2.3,6.0,8.3,5.7,1.3,1.5,2.7,2.0,20.3
30,RJ Barrett,SG,23,TOT,39,39,30.8,6.9,14.8,.465,1.6,4.6,.339,5.3,10.2,.521,.517,3.8,5.0,.763,0.8,4.4,5.2,2.8,0.5,0.4,1.8,2.1,19.2
30,RJ Barrett,SG,23,NYK,26,26,29.5,6.3,14.9,.423,1.7,5.0,.331,4.7,9.9,.469,.478,4.0,4.8,.831,0.7,3.5,4.3,2.4,0.5,0.3,1.8,1.7,18.2
30,RJ Barrett,SG,23,TOR,13,13,33.6,8.1,14.7,.550,1.4,3.8,.360,6.7,10.8,.617,.597,3.5,5.4,.643,1.1,6.0,7.1,3.5,0.6,0.4,1.8,2.9,21.0
31,Charles Bassey,C,23,SAS,19,0,10.8,1.5,2.1,.725,0.0,0.1,.000,1.5,2.1,.744,.725,0.3,0.3,.833,1.2,2.8,4.0,1.1,0.4,0.9,0.8,1.6,3.3
32,Emoni Bates,SF,20,CLE,10,0,7.6,0.6,2.5,.240,0.5,2.0,.250,0.1,0.5,.200,.340,0.1,0.2,.500,0.1,0.9,1.0,0.6,0.1,0.2,0.1,0.5,1.8
33,Keita Bates-Diop,SF,28,PHO,36,8,15.6,1.6,3.9,.415,0.5,1.6,.288,1.2,2.3,.506,.475,0.7,1.0,.722,0.8,1.8,2.6,0.9,0.6,0.5,0.3,0.9,4.5
34,Nicolas Batum,PF,35,TOT,34,27,24.9,2.1,4.0,.519,1.3,2.9,.454,0.8,1.1,.684,.681,0.3,0.4,.643,1.2,2.6,3.9,2.3,0.7,0.7,0.6,2.0,5.7
34,Nicolas Batum,PF,35,LAC,3,0,18.0,1.0,2.7,.375,0.7,2.3,.286,0.3,0.3,1.000,.500,0.0,0.0,,0.0,2.3,2.3,1.7,1.0,1.3,0.3,1.7,2.7
34,Nicolas Batum,PF,35,PHI,31,27,25.5,2.2,4.1,.528,1.4,2.9,.467,0.8,1.2,.676,.693,0.3,0.5,.643,1.4,2.6,4.0,2.4,0.6,0.7,0.6,2.0,6.0
35,Bradley Beal,SG,30,PHO,23,23,33.0,7.0,14.2,.491,1.5,4.3,.347,5.5,9.9,.553,.543,2.1,2.8,.738,0.8,3.5,4.3,4.3,0.8,0.3,2.3,2.8,17.5
36,Malik Beasley,SG,27,MIL,45,45,29.4,4.1,8.5,.477,2.8,6.1,.455,1.3,2.4,.532,.639,0.3,0.4,.722,0.6,3.3,3.9,1.4,0.7,0.1,0.7,2.1,11.2
37,MarJon Beauchamp,SF,23,MIL,35,1,15.4,1.9,3.9,.486,0.7,1.8,.403,1.2,2.2,.553,.576,0.3,0.6,.600,0.6,1.8,2.4,0.8,0.3,0.2,0.7,1.3,4.9
38,Jules Bernard,SG,24,WAS,4,0,4.0,0.3,2.3,.111,0.0,1.8,.000,0.3,0.5,.500,.111,0.0,0.0,,0.3,0.0,0.3,0.3,0.0,0.0,0.3,0.8,0.5
39,Dāvis Bertāns,PF,31,OKC,15,0,6.1,0.7,1.7,.385,0.7,1.6,.417,0.0,0.1,.000,.577,0.9,1.0,.933,0.1,0.5,0.7,0.6,0.2,0.2,0.1,0.7,2.9
40,Patrick Beverley,PG,35,PHI,42,4,19.3,2.0,4.8,.424,0.7,2.3,.295,1.4,2.6,.537,.493,1.1,1.4,.789,0.6,2.4,3.0,2.9,0.5,0.4,1.0,1.8,5.8
Rk,Player,Pos,Age,Tm,G,GS,MP,FG,FGA,FG%,3P,3PA,3P%,2P,2PA,2P%,eFG%,FT,FTA,FT%,ORB,DRB,TRB,AST,STL,BLK,TOV,PF,PTS
41,Saddiq Bey,SF,24,ATL,46,34,32.6,4.5,10.7,.415,1.7,5.6,.309,2.7,5.1,.532,.496,2.4,3.0,.810,2.6,4.0,6.6,1.5,0.9,0.1,0.9,1.6,13.1
42,Goga Bitadze,C,24,ORL,41,31,19.7,2.7,4.4,.615,0.0,0.2,.200,2.6,4.1,.639,.620,1.1,1.7,.676,2.3,3.7,6.1,1.6,0.7,1.5,0.8,2.2,6.5
43,Onuralp Bitim,SG,24,CHI,1,0,3.0,0.0,0.0,,0.0,0.0,,0.0,0.0,,,0.0,0.0,,0.0,0.0,0.0,0.0,0.0,0.0,0.0,0.0,0.0
44,Bismack Biyombo,C,31,MEM,30,27,23.9,2.2,4.0,.563,0.0,0.0,,2.2,4.0,.563,.563,0.7,1.5,.478,1.9,4.5,6.4,1.7,0.3,1.1,1.3,2.7,5.2
45,Anthony Black,PG,20,ORL,44,29,19.5,2.0,4.0,.497,0.5,1.4,.381,1.4,2.5,.563,.566,0.9,1.3,.644,0.5,1.8,2.4,1.7,0.6,0.4,0.9,2.0,5.4
46,Leaky Black,SF,24,CHO,16,0,6.3,0.6,1.2,.474,0.2,0.4,.429,0.4,0.8,.500,.553,0.4,0.6,.600,0.3,0.9,1.2,0.4,0.2,0.3,0.1,0.7,1.7
47,Bogdan Bogdanović,SG,31,ATL,44,6,28.5,6.0,14.1,.430,3.1,8.4,.369,2.9,5.6,.520,.540,1.9,2.1,.903,0.5,2.6,3.1,2.6,1.4,0.3,1.2,2.4,17.1
48,Bojan Bogdanović,PF,34,DET,25,24,33.2,7.3,15.5,.469,3.0,7.3,.410,4.3,8.2,.522,.566,2.9,3.8,.766,0.5,2.9,3.4,2.6,0.9,0.1,2.1,2.1,20.4
49,Bol Bol,PF,24,PHO,12,0,7.2,1.4,1.9,.739,0.3,0.4,.600,1.2,1.5,.778,.804,0.3,0.4,.800,0.8,1.5,2.3,0.5,0.3,0.5,0.5,0.8,3.4
50,Marques Bolden,C,25,MIL,2,0,1.5,0.0,0.0,,0.0,0.0,,0.0,0.0,,,0.0,0.0,,0.0,1.0,1.0,0.0,0.0,0.0,0.0,0.5,0.0
51,Devin Booker,PG,27,PHO,38,38,36.2,10.0,19.9,.501,2.3,5.9,.381,7.7,13.9,.553,.558,6.2,7.1,.878,0.7,4.3,4.9,7.3,0.9,0.4,2.7,2.9,28.4
52,Brandon Boston Jr.,SF,22,LAC,11,0,6.5,1.4,3.5,.395,0.5,1.4,.333,0.9,2.1,.435,.461,0.5,0.5,1.000,0.5,0.5,1.0,0.4,0.1,0.1,0.3,1.0,3.7
53,Chris Boucher,PF,31,TOR,43,0,14.2,2.1,4.4,.471,0.6,2.0,.318,1.5,2.5,.594,.542,1.3,1.8,.753,1.2,2.8,4.1,0.4,0.3,0.4,0.5,1.4,6.2
54,James Bouknight,SG,23,CHO,12,0,6.1,1.3,3.1,.432,1.0,2.3,.444,0.3,0.8,.400,.595,0.1,0.2,.500,0.1,0.7,0.8,0.5,0.0,0.1,0.1,0.3,3.8
55,Jamaree Bouyea,PG,24,POR,6,0,9.5,0.8,3.5,.238,0.0,1.3,.000,0.8,2.2,.385,.238,0.0,0.0,,0.3,1.3,1.7,1.3,0.0,0.0,1.3,0.5,1.7
56,Malaki Branham,PG,20,SAS,42,21,21.0,3.4,7.9,.433,1.0,3.1,.308,2.5,4.8,.515,.494,0.6,0.6,.926,0.3,1.7,2.0,2.3,0.4,0.1,1.2,1.3,8.4
57,Christian Braun,SG,22,DEN,48,0,18.9,2.6,5.8,.446,0.6,1.8,.356,1.9,4.0,.487,.502,1.3,1.7,.732,0.8,2.8,3.5,1.5,0.4,0.4,0.7,1.6,7.1
58,Mikal Bridges,SF,27,BRK,46,46,35.0,7.7,16.9,.456,2.3,6.5,.364,5.3,10.4,.513,.525,4.2,5.0,.831,0.8,4.2,5.1,3.7,1.0,0.5,2.3,1.7,21.9
59,Miles Bridges,SF,25,CHO,34,32,37.1,7.9,17.3,.459,2.3,6.5,.353,5.6,10.8,.523,.526,2.7,3.1,.858,0.8,6.5,7.3,3.1,1.1,0.5,2.1,1.9,20.9
60,Oshae Brissett,SF,25,BOS,29,0,11.9,1.4,3.0,.466,0.3,1.2,.286,1.1,1.8,.585,.523,0.9,1.4,.675,1.1,2.0,3.1,0.7,0.4,0.1,0.3,1.2,4.1
Rk,Player,Pos,Age,Tm,G,GS,MP,FG,FGA,FG%,3P,3PA,3P%,2P,2PA,2P%,eFG%,FT,FTA,FT%,ORB,DRB,TRB,AST,STL,BLK,TOV,PF,PTS
61,Malcolm Brogdon,PG,31,POR,37,23,28.4,5.6,12.7,.442,2.2,5.2,.419,3.5,7.6,.457,.527,2.5,3.0,.829,0.6,3.0,3.6,5.5,0.7,0.2,1.5,1.4,15.9
62,Armoni Brooks,PG,25,BRK,10,0,10.4,1.5,4.6,.326,1.1,3.2,.344,0.4,1.4,.286,.446,0.1,0.2,.500,0.7,1.1,1.8,0.5,0.1,0.1,0.3,0.3,4.2
63,Dillon Brooks,SF,28,HOU,37,37,31.4,5.1,11.0,.463,1.9,4.8,.388,3.2,6.2,.522,.548,1.9,2.3,.833,0.8,2.7,3.5,1.6,1.0,0.1,1.5,3.7,13.9
64,Bruce Brown,SG-PG,27,TOT,38,35,29.4,4.5,9.4,.476,1.0,2.9,.330,3.5,6.4,.543,.528,1.9,2.3,.826,0.9,4.0,4.9,2.8,1.0,0.3,1.3,2.6,11.8
64,Bruce Brown,SG,27,IND,33,33,29.7,4.5,9.5,.475,1.0,3.1,.327,3.5,6.5,.545,.527,2.0,2.5,.817,0.8,3.9,4.7,3.0,1.1,0.2,1.2,2.5,12.1
64,Bruce Brown,PG,27,TOR,5,2,27.2,4.2,8.6,.488,0.8,2.2,.364,3.4,6.4,.531,.535,0.8,0.8,1.000,1.8,4.4,6.2,1.4,0.8,0.6,1.4,3.2,10.0
65,Charlie Brown Jr.,SG,26,NYK,4,0,1.5,0.3,1.0,.250,0.3,0.8,.333,0.0,0.3,.000,.375,0.0,0.0,,0.0,0.0,0.0,0.0,0.0,0.3,0.5,0.3,0.8
66,Greg Brown III,PF,22,DAL,6,0,6.7,0.8,1.8,.455,0.2,0.5,.333,0.7,1.3,.500,.500,0.7,1.5,.444,0.5,1.0,1.5,0.7,0.0,0.7,0.7,0.8,2.5
67,Jaylen Brown,SF,27,BOS,44,44,33.3,8.7,17.7,.492,2.1,5.9,.356,6.6,11.7,.560,.551,3.1,4.3,.721,1.0,4.3,5.4,3.7,1.1,0.6,2.4,2.6,22.6
68,Kendall Brown,SG,20,IND,4,0,4.5,0.5,1.3,.400,0.0,0.3,.000,0.5,1.0,.500,.400,1.0,1.5,.667,0.5,0.0,0.5,0.3,0.0,0.0,0.0,1.0,2.0
69,Kobe Brown,PF,24,LAC,28,0,9.4,0.8,2.1,.379,0.4,1.4,.289,0.4,0.7,.550,.474,0.0,0.1,.500,0.3,1.1,1.4,0.6,0.2,0.1,0.2,1.4,2.0
70,Moses Brown,C,24,POR,9,4,9.1,1.0,2.3,.429,0.0,0.0,,1.0,2.3,.429,.429,0.0,0.4,.000,2.0,3.1,5.1,0.2,0.2,0.3,0.4,1.2,2.0
71,Troy Brown Jr.,SF,24,MIN,35,3,11.4,1.4,3.3,.439,0.9,2.3,.366,0.6,0.9,.625,.570,0.5,0.6,.864,0.4,1.6,2.0,0.9,0.2,0.1,0.5,0.7,4.3
72,Jalen Brunson,PG,27,NYK,45,45,35.6,9.4,19.6,.481,2.8,6.6,.424,6.6,13.0,.510,.553,5.0,6.0,.835,0.6,3.3,3.9,6.5,0.9,0.2,2.4,2.0,26.7
73,Thomas Bryant,C,26,MIA,24,3,10.7,1.8,3.2,.571,0.0,0.2,.000,1.8,3.0,.603,.571,0.8,0.9,.818,1.0,2.1,3.2,0.6,0.3,0.2,0.6,1.1,4.4
74,Kobe Bufkin,SG,20,ATL,2,0,2.0,0.0,1.5,.000,0.0,0.5,.000,0.0,1.0,.000,.000,0.5,1.0,.500,0.5,0.5,1.0,0.0,0.0,0.0,0.0,0.0,0.5
75,Reggie Bullock,SF,32,HOU,18,0,9.2,0.9,2.1,.421,0.6,1.6,.393,0.3,0.6,.500,.566,0.1,0.1,1.000,0.1,1.2,1.3,0.5,0.2,0.1,0.3,0.5,2.4
76,Alec Burks,SG,32,DET,39,0,20.6,3.7,9.5,.390,2.3,5.8,.401,1.4,3.7,.372,.512,2.7,3.1,.892,0.4,2.0,2.4,1.5,0.5,0.2,0.7,1.5,12.5
77,Jared Butler,SG,23,WAS,17,0,7.5,1.6,2.9,.560,0.6,1.4,.417,1.1,1.5,.692,.660,0.7,0.9,.800,0.0,0.6,0.6,1.8,0.5,0.1,0.6,0.8,4.6
78,Jimmy Butler,PF,34,MIA,32,32,33.7,6.6,13.5,.491,0.9,2.1,.426,5.7,11.4,.503,.524,7.0,7.9,.885,2.1,3.0,5.1,4.3,1.2,0.3,1.7,1.2,21.1
79,Jamal Cain,PF,24,MIA,14,1,14.9,2.1,4.7,.439,0.6,1.8,.320,1.5,2.9,.512,.500,1.0,1.4,.737,0.9,1.2,2.1,0.2,0.6,0.3,0.3,1.1,5.7
80,Kentavious Caldwell-Pope,SG,30,DEN,46,46,32.3,3.6,7.9,.452,1.4,3.8,.382,2.1,4.1,.516,.543,1.5,1.7,.908,0.4,1.8,2.3,2.4,1.4,0.5,1.0,1.9,10.1
Rk,Player,Pos,Age,Tm,G,GS,MP,FG,FGA,FG%,3P,3PA,3P%,2P,2PA,2P%,eFG%,FT,FTA,FT%,ORB,DRB,TRB,AST,STL,BLK,TOV,PF,PTS
81,Toumani Camara,PF,23,POR,46,29,23.7,2.5,6.0,.412,0.7,2.6,.280,1.8,3.5,.509,.471,1.0,1.5,.701,1.9,2.9,4.7,1.0,1.0,0.5,1.2,2.5,6.7
82,Clint Capela,C,29,ATL,44,44,25.9,4.7,8.3,.571,0.0,0.0,,4.7,8.3,.571,.571,1.9,2.8,.656,4.7,5.7,10.4,1.0,0.6,1.6,0.9,2.5,11.3
83,Jevon Carter,PG,28,CHI,45,0,13.9,2.0,5.4,.366,1.2,3.5,.342,0.8,1.9,.412,.477,0.1,0.1,.600,0.1,0.7,0.8,1.2,0.5,0.3,0.5,1.1,5.2
84,Wendell Carter Jr.,C,24,ORL,21,15,25.4,4.0,7.7,.519,1.1,2.7,.421,2.9,5.0,.571,.593,1.8,2.4,.745,2.0,4.7,6.7,1.6,0.5,0.6,1.1,2.2,11.0
85,Alex Caruso,SG,29,CHI,40,28,26.1,3.6,7.3,.490,1.8,4.4,.415,1.7,2.9,.605,.616,1.2,1.5,.767,1.0,2.6,3.6,2.7,1.3,1.0,1.3,2.5,10.1
86,Colin Castleton,C,23,LAL,5,0,6.4,1.2,1.8,.667,0.0,0.0,,1.2,1.8,.667,.667,0.8,0.8,1.000,0.8,1.0,1.8,0.6,0.0,0.0,0.2,1.2,3.2
87,Malcolm Cazalon,SG,22,DET,1,0,3.0,0.0,0.0,,0.0,0.0,,0.0,0.0,,,0.0,0.0,,0.0,0.0,0.0,0.0,0.0,0.0,0.0,0.0,0.0
88,Julian Champagnie,SF,22,SAS,40,25,15.9,1.9,4.7,.412,1.4,3.5,.399,0.6,1.2,.449,.559,0.8,1.0,.842,0.4,1.8,2.2,1.0,0.6,0.5,0.7,1.1,6.0
89,Max Christie,SG,20,LAL,38,6,17.0,1.8,4.3,.409,0.7,2.1,.325,1.1,2.2,.488,.488,0.6,0.8,.800,0.2,2.4,2.7,1.0,0.4,0.3,0.8,1.3,4.8
90,Sidy Cissoko,SF,19,SAS,5,0,6.4,0.2,1.2,.167,0.0,0.8,.000,0.2,0.4,.500,.167,0.8,0.8,1.000,0.0,1.2,1.2,0.0,0.6,0.0,0.2,0.4,1.2
91,Jordan Clarkson,SG,31,UTA,38,19,29.9,6.4,15.2,.421,1.7,5.6,.303,4.7,9.7,.489,.477,3.3,3.7,.887,1.0,2.5,3.5,4.9,0.6,0.1,2.8,1.3,17.8
92,Nic Claxton,C,24,BRK,36,36,29.7,5.4,8.5,.637,0.0,0.1,.333,5.4,8.4,.640,.639,1.5,2.8,.556,3.1,7.3,10.4,1.9,0.7,2.2,1.2,2.6,12.4
93,Noah Clowney,PF,19,BRK,3,0,10.0,2.0,3.3,.600,0.0,0.3,.000,2.0,3.0,.667,.600,1.3,1.3,1.000,1.0,1.3,2.3,1.0,0.0,0.3,0.3,1.0,5.3
94,Amir Coffey,SF,26,LAC,33,6,16.5,1.9,3.4,.549,0.7,1.8,.397,1.2,1.7,.709,.650,0.6,0.7,.826,0.4,1.3,1.6,0.7,0.3,0.1,0.4,1.2,5.0
95,John Collins,PF,26,UTA,44,42,27.6,5.5,10.7,.516,1.2,3.5,.348,4.3,7.2,.598,.573,1.9,2.4,.788,2.1,5.7,7.8,1.0,0.6,0.8,1.4,2.8,14.1
96,Zach Collins,C,26,SAS,36,24,25.3,4.6,9.7,.479,1.0,3.4,.290,3.6,6.3,.582,.530,1.9,2.5,.769,1.9,3.8,5.7,3.2,0.6,0.7,2.2,3.3,12.2
97,Mike Conley,PG,36,MIN,42,42,29.2,3.7,8.2,.446,2.3,5.3,.439,1.3,2.9,.459,.588,1.2,1.3,.926,0.4,2.4,2.7,6.4,1.0,0.2,1.1,1.7,10.9
98,Pat Connaughton,SF,31,MIL,41,0,20.9,1.9,4.3,.449,1.2,3.1,.383,0.7,1.2,.625,.588,0.4,0.6,.783,0.6,2.5,3.1,1.8,0.4,0.2,0.5,1.2,5.5
99,Bilal Coulibaly,SF,19,WAS,45,1,26.4,3.0,6.4,.464,1.0,2.6,.390,2.0,3.8,.515,.543,1.2,1.8,.675,0.8,3.3,4.0,1.8,0.9,0.8,1.4,2.1,8.2
100,Ricky Council IV,SG,22,PHI,6,0,5.0,0.8,2.0,.417,0.2,0.3,.500,0.7,1.7,.400,.458,1.5,2.0,.750,0.5,0.0,0.5,0.0,0.3,0.0,0.0,0.2,3.3
Rk,Player,Pos,Age,Tm,G,GS,MP,FG,FGA,FG%,3P,3PA,3P%,2P,2PA,2P%,eFG%,FT,FTA,FT%,ORB,DRB,TRB,AST,STL,BLK,TOV,PF,PTS
101,Robert Covington,SF-PF,33,TOT,29,6,16.8,1.5,3.4,.439,0.7,1.9,.339,0.8,1.4,.571,.536,0.8,0.9,.846,1.1,2.3,3.3,0.8,1.3,0.6,0.4,1.9,4.4
101,Robert Covington,PF,33,LAC,3,3,23.0,1.0,3.0,.333,0.7,2.7,.250,0.3,0.3,1.000,.444,0.3,0.7,.500,0.7,2.0,2.7,2.3,2.0,0.7,0.0,2.3,3.0
101,Robert Covington,SF,33,PHI,26,3,16.1,1.5,3.4,.449,0.7,1.8,.354,0.9,1.6,.561,.545,0.8,0.9,.875,1.1,2.3,3.4,0.7,1.3,0.6,0.4,1.9,4.5
102,Torrey Craig,SF,33,CHI,27,7,21.2,2.2,5.1,.424,1.1,2.8,.382,1.1,2.3,.476,.529,0.7,0.9,.783,1.9,3.0,4.8,1.0,0.6,0.4,0.6,2.5,6.1
103,Jae Crowder,PF,33,MIL,16,3,22.9,2.4,5.2,.458,1.6,3.8,.433,0.8,1.4,.522,.614,0.5,0.9,.571,0.4,2.8,3.1,1.2,0.6,0.2,0.5,1.6,6.9
104,Cade Cunningham,PG,22,DET,37,37,34.5,8.5,18.9,.448,1.9,5.5,.340,6.6,13.5,.492,.497,3.9,4.5,.863,0.4,3.6,4.1,7.4,0.9,0.3,3.9,2.8,22.8
105,Seth Curry,SG,33,DAL,35,3,12.6,1.5,3.9,.372,0.8,2.2,.377,0.6,1.7,.367,.478,0.4,0.5,.875,0.4,1.0,1.4,0.8,0.5,0.1,0.4,0.9,4.1
106,Stephen Curry,PG,35,GSW,40,40,33.5,8.8,19.5,.449,4.7,11.6,.403,4.1,7.9,.517,.569,5.1,5.5,.928,0.5,3.8,4.2,5.0,0.9,0.4,3.0,1.9,27.3
107,Dyson Daniels,PG,20,NOP,47,14,21.8,2.1,4.9,.424,0.6,2.1,.283,1.5,2.8,.530,.485,0.7,1.0,.646,1.0,2.7,3.7,2.6,1.3,0.4,1.0,1.6,5.4
108,Anthony Davis,C,30,LAL,46,46,35.9,9.5,17.2,.554,0.4,1.2,.315,9.1,16.0,.571,.565,5.6,6.9,.805,3.2,8.9,12.1,3.7,1.2,2.3,2.1,2.5,24.9
109,Johnny Davis,SG,21,WAS,20,0,7.6,1.1,2.4,.438,0.1,0.2,.333,1.0,2.3,.444,.448,0.2,0.3,.800,0.5,0.6,1.0,0.3,0.4,0.1,0.3,0.6,2.4
110,JD Davison,SG,21,BOS,2,0,3.0,0.0,0.5,.000,0.0,0.5,.000,0.0,0.0,,.000,1.0,1.0,1.000,0.5,0.5,1.0,0.0,0.0,0.0,0.0,0.0,1.0
111,Dexter Dennis,SG,24,DAL,4,0,7.5,2.5,4.8,.526,0.3,2.0,.125,2.3,2.8,.818,.553,0.3,0.8,.333,0.3,2.0,2.3,1.0,0.0,0.3,0.8,0.3,5.5
112,DeMar DeRozan,SF,34,CHI,45,45,37.2,7.8,16.6,.468,1.0,2.8,.346,6.8,13.8,.493,.497,5.6,6.6,.848,0.6,3.5,4.1,5.4,1.1,0.6,1.4,2.2,22.1
113,Moussa Diabaté,C,22,LAC,10,0,5.8,0.9,1.8,.500,0.0,0.0,,0.9,1.8,.500,.500,0.9,1.2,.750,1.4,0.6,2.0,0.4,0.4,0.0,0.2,0.4,2.7
114,Mamadi Diakite,PF,27,SAS,3,0,5.3,1.3,1.7,.800,0.0,0.0,,1.3,1.7,.800,.800,1.3,2.0,.667,0.3,0.7,1.0,0.7,0.0,0.3,0.0,0.3,4.0
115,Hamidou Diallo,SG,25,WAS,2,0,2.5,0.5,1.0,.500,0.0,0.0,,0.5,1.0,.500,.500,0.0,0.0,,1.0,0.0,1.0,0.5,1.0,0.0,0.5,0.5,1.0
116,Gradey Dick,SG,20,TOR,25,1,13.4,1.4,4.0,.340,0.8,2.5,.302,0.6,1.5,.405,.435,0.7,0.7,.944,0.5,1.0,1.5,1.1,0.4,0.0,0.7,1.4,4.2
117,Ousmane Dieng,PF,20,OKC,22,0,11.4,1.5,3.5,.423,0.7,2.4,.308,0.8,1.2,.654,.526,0.5,0.5,.833,0.4,1.5,1.9,0.9,0.1,0.0,0.5,0.7,4.2
118,Spencer Dinwiddie,PG,30,BRK,44,44,30.6,4.1,10.5,.390,1.9,5.9,.324,2.2,4.7,.473,.481,2.8,3.5,.786,0.6,2.8,3.4,6.1,0.8,0.2,1.4,1.8,12.9
119,Donte DiVincenzo,SG,27,NYK,47,29,22.7,4.1,8.9,.457,2.7,6.5,.418,1.4,2.5,.560,.608,0.9,1.2,.724,0.7,2.4,3.2,2.3,1.1,0.3,1.1,1.9,11.8
120,Luka Dončić,PG,24,DAL,40,40,37.5,11.7,24.0,.489,3.9,10.3,.375,7.9,13.7,.574,.569,7.4,9.5,.780,0.8,7.8,8.6,9.6,1.4,0.6,3.9,1.9,34.7
Rk,Player,Pos,Age,Tm,G,GS,MP,FG,FGA,FG%,3P,3PA,3P%,2P,2PA,2P%,eFG%,FT,FTA,FT%,ORB,DRB,TRB,AST,STL,BLK,TOV,PF,PTS
121,Luguentz Dort,SF,24,OKC,45,45,28.3,3.5,8.0,.440,1.8,4.7,.390,1.7,3.4,.510,.554,1.7,2.1,.817,1.2,2.6,3.8,1.3,0.8,0.8,0.9,3.0,10.6
122,Ayo Dosunmu,SG,24,CHI,45,7,23.6,3.5,7.2,.482,1.1,2.9,.366,2.4,4.3,.559,.555,1.0,1.2,.815,0.7,1.9,2.5,2.1,0.7,0.4,0.9,1.9,9.0
123,Andre Drummond,C,30,CHI,47,7,15.9,3.1,5.7,.552,0.0,0.0,.000,3.1,5.7,.556,.552,1.5,2.7,.563,3.3,5.0,8.3,0.6,1.2,0.6,1.1,1.7,7.8
124,Chris Duarte,SF,26,SAC,35,11,13.2,1.3,3.6,.360,0.6,1.9,.313,0.7,1.7,.414,.444,0.5,0.7,.750,0.4,1.5,1.8,0.9,0.5,0.1,0.6,1.7,3.7
125,Kris Dunn,PG,29,UTA,40,22,17.5,2.2,4.5,.489,0.6,1.4,.421,1.6,3.0,.521,.556,0.3,0.5,.667,0.7,2.2,2.9,4.2,0.9,0.4,1.3,1.9,5.3
126,Kevin Durant,PF,35,PHO,40,40,37.3,10.2,19.1,.531,2.3,5.0,.452,7.9,14.1,.559,.590,5.7,6.6,.874,0.5,5.9,6.4,5.7,0.9,1.3,3.1,1.9,28.3
127,Jalen Duren,C,20,DET,31,30,29.9,6.3,9.7,.642,0.0,0.1,.000,6.3,9.7,.647,.642,1.6,2.3,.700,3.3,8.5,11.9,2.6,0.4,0.9,2.0,3.3,14.1
128,Tari Eason,PF,22,HOU,22,0,21.8,4.0,8.6,.466,0.8,2.3,.360,3.2,6.3,.504,.513,1.0,1.5,.636,2.1,4.9,7.0,1.2,1.4,0.9,0.9,2.3,9.8
129,Anthony Edwards,SG,22,MIN,44,44,35.0,8.9,19.3,.463,2.5,6.4,.389,6.4,12.8,.501,.528,5.5,6.6,.841,0.6,4.5,5.2,5.3,1.2,0.5,3.4,1.9,25.9
130,Kessler Edwards,SF,23,SAC,30,0,4.8,0.6,1.4,.405,0.3,0.9,.346,0.3,0.5,.500,.512,0.1,0.1,.750,0.2,0.6,0.7,0.3,0.1,0.1,0.0,0.4,1.5
131,Keon Ellis,SG,24,SAC,28,3,12.2,1.3,3.0,.434,0.9,2.4,.382,0.4,0.5,.667,.590,0.4,0.6,.647,0.3,1.0,1.3,1.3,0.5,0.4,0.5,1.4,3.9
132,Joel Embiid,C,29,PHI,33,33,34.2,12.0,22.3,.539,1.2,3.2,.368,10.8,19.1,.568,.566,10.7,12.2,.883,2.7,8.8,11.4,5.8,1.1,1.8,3.6,2.8,36.0
133,Drew Eubanks,C,26,PHO,41,3,16.1,2.3,3.7,.627,0.1,0.1,1.000,2.2,3.6,.619,.637,1.0,1.4,.768,1.4,2.8,4.2,1.0,0.3,0.8,1.0,1.8,5.7
134,Dante Exum,PG,28,DAL,32,14,19.7,3.6,6.3,.571,1.0,2.0,.477,2.7,4.3,.616,.648,1.0,1.4,.727,0.6,2.2,2.8,2.8,0.6,0.2,0.8,1.6,9.2
135,Bruno Fernando,C,25,ATL,13,0,6.5,1.1,2.1,.519,0.0,0.2,.000,1.1,1.8,.583,.519,0.8,1.5,.526,0.5,1.5,2.0,0.3,0.2,0.4,0.5,0.9,2.9
136,Dorian Finney-Smith,PF,30,BRK,42,31,28.8,3.3,8.1,.412,2.1,5.5,.383,1.2,2.6,.473,.541,0.3,0.5,.700,1.7,3.1,4.8,1.4,0.7,0.6,0.8,2.2,9.1
137,Malachi Flynn,PG,25,TOT,41,0,12.5,1.5,3.7,.411,0.7,2.1,.341,0.8,1.5,.508,.510,0.6,0.7,.767,0.3,1.4,1.7,1.9,0.5,0.1,0.9,1.1,4.3
137,Malachi Flynn,PG,25,TOR,31,0,15.3,1.8,4.4,.409,0.9,2.6,.350,0.9,1.8,.491,.511,0.5,0.7,.773,0.4,1.7,2.1,2.4,0.6,0.2,1.1,1.4,5.1
137,Malachi Flynn,PG,25,NYK,10,0,3.8,0.6,1.4,.429,0.2,0.8,.250,0.4,0.6,.667,.500,0.6,0.8,.750,0.0,0.4,0.4,0.4,0.1,0.0,0.2,0.3,2.0
138,Simone Fontecchio,SF,28,UTA,46,30,22.9,3.2,7.2,.450,1.8,4.7,.397,1.4,2.5,.548,.579,0.7,0.8,.789,0.9,2.5,3.4,1.4,0.6,0.4,1.0,1.7,8.9
139,Jordan Ford,PG,25,SAC,6,0,3.7,0.7,1.2,.571,0.3,0.5,.667,0.3,0.7,.500,.714,0.3,0.3,1.000,0.0,0.3,0.3,0.3,0.0,0.0,0.2,0.0,2.0
140,Trent Forrest,SG,25,ATL,19,0,10.6,0.8,2.5,.319,0.1,0.4,.286,0.7,2.1,.325,.340,0.4,0.5,.800,0.3,1.1,1.4,2.0,0.4,0.1,0.5,0.9,2.1
Rk,Player,Pos,Age,Tm,G,GS,MP,FG,FGA,FG%,3P,3PA,3P%,2P,2PA,2P%,eFG%,FT,FTA,FT%,ORB,DRB,TRB,AST,STL,BLK,TOV,PF,PTS
141,Evan Fournier,SG,31,NYK,3,0,13.0,1.3,6.7,.200,0.7,5.0,.133,0.7,1.7,.400,.250,0.7,0.7,1.000,0.0,1.3,1.3,1.0,1.3,0.0,0.3,1.3,4.0
142,De'Aaron Fox,PG,26,SAC,39,39,35.6,9.8,20.7,.471,3.1,7.9,.386,6.7,12.8,.523,.544,4.9,6.8,.726,0.9,3.2,4.1,5.6,1.6,0.4,2.5,2.5,27.5
143,Javon Freeman-Liberty,PG,24,TOR,2,0,2.0,0.5,1.5,.333,0.0,0.0,,0.5,1.5,.333,.333,0.0,0.0,,0.5,0.0,0.5,0.0,0.0,0.0,0.0,0.0,1.0
144,Alex Fudge,SF,20,LAL,4,0,3.5,0.3,1.5,.167,0.0,0.5,.000,0.3,1.0,.250,.167,0.5,0.5,1.000,0.5,0.0,0.5,0.0,0.0,0.0,0.3,0.3,1.0
145,Markelle Fultz,PG,25,ORL,14,8,24.4,4.2,8.1,.518,0.0,0.2,.000,4.2,7.9,.532,.518,0.4,0.8,.455,1.2,1.7,2.9,3.6,1.4,0.4,1.2,1.8,8.8
146,Daniel Gafford,C,25,WAS,41,41,26.3,4.5,6.4,.698,0.0,0.0,,4.5,6.4,.698,.698,1.9,2.7,.703,2.8,5.0,7.8,1.6,1.0,2.1,1.0,3.3,10.8
147,Danilo Gallinari,PF-SF,35,TOT,28,0,14.7,2.2,4.9,.449,0.8,2.4,.333,1.4,2.5,.557,.529,1.9,2.3,.844,0.4,2.4,2.9,1.3,0.2,0.1,0.4,1.0,7.1
147,Danilo Gallinari,PF,35,WAS,26,0,14.8,2.2,5.0,.435,0.8,2.5,.313,1.4,2.6,.552,.511,1.8,2.2,.839,0.5,2.5,2.9,1.2,0.2,0.1,0.5,1.0,7.0
147,Danilo Gallinari,SF,35,DET,2,0,13.0,2.0,2.5,.800,1.0,1.0,1.000,1.0,1.5,.667,1.000,3.5,4.0,.875,0.0,2.0,2.0,2.5,0.0,0.0,0.0,1.0,8.5
148,Darius Garland,PG,24,CLE,20,20,34.0,7.6,16.1,.470,1.8,5.2,.346,5.8,10.9,.530,.526,3.8,4.6,.835,0.6,2.2,2.8,5.9,1.6,0.2,3.8,1.6,20.7
149,Usman Garuba,PF,21,GSW,2,0,3.0,0.0,0.5,.000,0.0,0.0,,0.0,0.5,.000,.000,0.0,0.0,,0.0,0.0,0.0,0.5,0.5,0.0,0.0,0.5,0.0
150,Luka Garza,C,25,MIN,9,0,2.6,0.6,1.8,.313,0.0,0.6,.000,0.6,1.2,.455,.313,0.6,0.9,.625,0.4,0.4,0.9,0.2,0.0,0.0,0.2,0.8,1.7
151,Kaiser Gates,SF,27,NOP,1,0,7.0,0.0,4.0,.000,0.0,2.0,.000,0.0,2.0,.000,.000,0.0,0.0,,0.0,1.0,1.0,0.0,0.0,0.0,0.0,0.0,0.0
152,Keyonte George,PG,20,UTA,42,16,24.2,3.3,9.0,.369,1.7,5.1,.327,1.7,3.9,.424,.462,2.6,3.2,.821,0.3,2.5,2.8,4.3,0.4,0.1,2.0,1.0,11.0
153,Paul George,PF,33,LAC,43,43,34.1,8.0,17.4,.463,3.4,8.3,.412,4.6,9.0,.510,.562,3.5,3.8,.909,0.6,4.8,5.5,3.5,1.6,0.4,2.1,2.9,23.0
154,Taj Gibson,PF,38,NYK,10,0,9.7,0.7,1.4,.500,0.0,0.4,.000,0.7,1.0,.700,.500,0.0,0.0,,0.6,1.2,1.8,0.5,0.1,0.6,0.2,2.0,1.4
155,Josh Giddey,SG,21,OKC,46,46,24.8,4.8,10.4,.456,0.9,2.8,.336,3.8,7.7,.500,.501,1.1,1.4,.800,1.4,4.8,6.2,4.6,0.7,0.5,2.1,1.2,11.6
156,Harry Giles,C,25,BRK,14,0,5.1,1.4,2.7,.500,0.1,0.7,.200,1.2,2.0,.607,.526,0.4,0.8,.545,0.7,0.9,1.6,0.3,0.1,0.2,0.4,0.8,3.3
157,Shai Gilgeous-Alexander,PG,25,OKC,46,46,34.3,11.0,20.0,.547,1.2,3.4,.342,9.8,16.6,.590,.577,8.2,9.2,.891,0.9,4.7,5.6,6.4,2.2,0.7,2.2,2.5,31.3
158,Anthony Gill,PF,31,WAS,26,0,5.7,0.8,1.7,.489,0.1,0.4,.182,0.8,1.3,.588,.511,0.5,0.6,.750,0.5,0.8,1.3,0.4,0.1,0.2,0.4,0.5,2.2
159,Collin Gillespie,PG,24,DEN,14,0,6.9,0.8,1.7,.458,0.3,0.9,.308,0.5,0.8,.636,.542,0.3,0.4,.800,0.1,0.3,0.4,0.6,0.4,0.0,0.4,0.9,2.1
160,Jacob Gilyard,PG,25,MEM,30,10,16.1,1.3,3.3,.394,1.1,2.7,.407,0.2,0.6,.333,.561,0.0,0.0,1.000,0.2,0.8,1.0,3.2,0.6,0.1,0.6,0.9,3.7
Rk,Player,Pos,Age,Tm,G,GS,MP,FG,FGA,FG%,3P,3PA,3P%,2P,2PA,2P%,eFG%,FT,FTA,FT%,ORB,DRB,TRB,AST,STL,BLK,TOV,PF,PTS
161,Rudy Gobert,C,31,MIN,46,46,33.2,5.1,7.9,.641,0.0,0.0,.000,5.1,7.9,.645,.641,3.2,5.0,.635,3.5,9.1,12.5,1.2,0.7,2.1,1.6,2.9,13.3
162,Jordan Goodwin,PG,25,PHO,37,0,14.8,1.9,5.1,.381,0.6,2.2,.288,1.3,2.9,.450,.442,0.6,0.7,.852,1.1,2.1,3.2,2.1,0.6,0.2,0.8,1.1,5.1
163,Aaron Gordon,PF,28,DEN,42,42,31.9,5.3,9.8,.542,0.5,1.8,.299,4.8,8.0,.598,.570,2.3,3.6,.632,2.6,4.0,6.5,3.0,0.8,0.6,1.3,1.9,13.5
164,Eric Gordon,SG,35,PHO,39,19,30.3,4.7,10.4,.451,2.5,6.6,.377,2.2,3.8,.577,.570,0.8,1.1,.780,0.3,1.8,2.2,2.3,0.9,0.5,1.3,1.3,12.7
165,Devonte' Graham,PG,28,SAS,10,0,8.8,1.1,2.8,.393,0.7,2.0,.350,0.4,0.8,.500,.518,0.6,0.8,.750,0.2,1.1,1.3,1.9,0.3,0.1,0.3,0.4,3.5
166,Jerami Grant,PF,29,POR,42,42,33.5,7.3,15.8,.460,2.1,5.2,.405,5.2,10.6,.488,.527,4.6,5.8,.806,0.7,3.0,3.7,2.5,0.7,0.8,2.0,2.2,21.3
167,A.J. Green,SG,24,MIL,28,0,7.5,1.1,2.6,.425,0.9,2.3,.413,0.2,0.4,.500,.603,0.1,0.1,1.000,0.2,0.6,0.8,0.6,0.0,0.0,0.0,0.9,3.3
168,Danny Green,SG,36,PHI,2,0,9.0,0.0,1.0,.000,0.0,0.5,.000,0.0,0.5,.000,.000,0.0,0.0,,0.0,1.0,1.0,0.5,0.5,0.0,0.0,0.5,0.0
169,Draymond Green,PF,33,GSW,19,16,26.3,3.3,6.6,.492,1.1,2.7,.412,2.2,3.9,.547,.575,1.7,2.1,.800,1.2,4.7,5.9,6.1,0.8,0.8,2.4,3.2,9.3
170,Jalen Green,SG,21,HOU,46,46,30.7,6.2,15.0,.410,2.1,6.6,.321,4.0,8.4,.479,.480,3.8,4.6,.812,0.4,4.4,4.9,3.2,0.7,0.3,2.1,1.3,18.2
171,Jeff Green,PF,37,HOU,44,4,16.7,2.0,4.0,.506,0.4,1.3,.291,1.7,2.8,.602,.551,1.8,2.1,.830,0.6,1.5,2.1,0.7,0.2,0.5,0.7,1.4,6.2
172,Josh Green,SG,23,DAL,34,17,26.8,3.0,6.5,.462,1.3,3.4,.386,1.7,3.1,.542,.561,0.6,1.1,.556,0.6,2.4,3.1,2.6,0.7,0.1,1.1,2.0,7.9
173,AJ Griffin,SF,20,ATL,17,0,7.7,0.8,2.6,.295,0.5,1.9,.273,0.2,0.6,.364,.398,0.1,0.1,1.000,0.1,0.6,0.8,0.2,0.1,0.1,0.4,0.4,2.2
174,Quentin Grimes,SG,23,NYK,44,18,20.2,2.5,6.3,.395,1.7,4.7,.364,0.8,1.6,.486,.531,0.5,0.7,.688,0.3,1.5,1.9,1.1,0.7,0.1,0.5,1.5,7.2
175,Mouhamed Gueye,PF,21,ATL,2,0,2.0,0.0,0.5,.000,0.0,0.5,.000,0.0,0.0,,.000,0.0,0.0,,0.0,0.0,0.0,0.0,0.5,0.0,0.0,0.5,0.0
176,Rui Hachimura,PF,25,LAL,34,7,22.8,4.2,8.5,.493,1.1,2.9,.388,3.1,5.6,.547,.559,1.7,2.2,.773,0.7,2.8,3.5,1.1,0.7,0.2,0.7,1.3,11.2
177,Tyrese Haliburton,PG,23,IND,34,34,33.4,8.4,16.9,.496,3.4,8.4,.400,5.0,8.5,.590,.595,3.5,4.1,.862,0.6,3.5,4.1,12.6,1.1,0.6,2.5,1.1,23.6
178,R.J. Hampton,PG,22,MIA,8,2,9.5,0.5,1.8,.286,0.1,1.0,.125,0.4,0.8,.500,.321,0.1,0.3,.500,0.3,0.5,0.8,1.0,0.0,0.0,0.4,1.0,1.3
179,Tim Hardaway Jr.,SF,31,DAL,44,9,30.2,6.3,14.8,.425,3.3,8.9,.370,3.0,5.8,.510,.537,2.6,3.0,.870,0.3,3.4,3.8,1.7,0.5,0.0,1.0,1.5,18.4
180,James Harden,PG,34,LAC,40,40,34.2,5.1,11.3,.451,2.7,6.5,.409,2.4,4.8,.508,.569,4.3,4.9,.872,0.3,4.5,4.8,8.6,1.2,0.9,2.6,2.1,17.1
Rk,Player,Pos,Age,Tm,G,GS,MP,FG,FGA,FG%,3P,3PA,3P%,2P,2PA,2P%,eFG%,FT,FTA,FT%,ORB,DRB,TRB,AST,STL,BLK,TOV,PF,PTS
181,Jaden Hardy,SG,21,DAL,42,5,15.8,2.9,7.4,.389,1.4,3.8,.360,1.5,3.6,.420,.482,0.7,1.1,.689,0.3,1.8,2.1,1.8,0.3,0.1,0.7,1.2,7.9
182,Ron Harper Jr.,PF,23,TOR,1,0,4.0,0.0,0.0,,0.0,0.0,,0.0,0.0,,,0.0,0.0,,0.0,0.0,0.0,1.0,0.0,0.0,0.0,2.0,0.0
183,Gary Harris,SG,29,ORL,27,6,22.8,2.4,5.7,.429,1.3,4.0,.333,1.1,1.7,.652,.545,0.9,1.1,.774,0.5,1.2,1.7,1.9,0.9,0.2,0.5,1.7,7.1
184,Joe Harris,SG,32,DET,15,0,10.5,0.9,2.4,.361,0.7,1.9,.345,0.2,0.5,.429,.500,0.1,0.1,.500,0.2,0.7,0.9,0.7,0.2,0.1,0.3,1.2,2.5
185,Kevon Harris,SG,26,ORL,1,0,3.0,0.0,0.0,,0.0,0.0,,0.0,0.0,,,0.0,0.0,,0.0,1.0,1.0,0.0,0.0,0.0,1.0,1.0,0.0
186,Tobias Harris,PF,31,PHI,42,42,33.8,6.6,13.0,.506,1.2,3.5,.352,5.4,9.5,.563,.553,3.1,3.5,.898,1.0,4.9,5.9,3.2,0.9,0.5,1.5,1.6,17.5
187,Shaquille Harrison,SG,30,MEM,3,0,2.0,0.3,0.7,.500,0.0,0.0,,0.3,0.7,.500,.500,0.0,0.0,,0.0,0.7,0.7,0.0,0.0,0.3,0.0,0.0,0.7
188,Josh Hart,SF,28,NYK,46,7,28.4,2.9,6.5,.441,0.9,2.8,.315,2.0,3.7,.535,.508,0.7,0.9,.825,1.2,5.4,6.6,2.8,0.7,0.2,1.2,1.8,7.3
189,Isaiah Hartenstein,C,25,NYK,45,19,25.1,2.6,4.2,.618,0.0,0.1,.333,2.6,4.2,.622,.620,1.4,2.0,.693,3.2,5.1,8.3,1.9,1.2,1.1,1.2,2.9,6.6
190,Sam Hauser,SF,26,BOS,46,5,21.6,2.8,6.3,.442,2.2,5.4,.408,0.6,0.9,.643,.616,0.2,0.3,.846,0.7,2.8,3.5,1.0,0.4,0.3,0.5,1.3,8.1
191,Jordan Hawkins,SG,21,NOP,42,10,21.6,3.5,8.5,.406,2.2,5.5,.391,1.3,3.0,.435,.534,1.5,1.7,.847,0.5,2.3,2.8,1.4,0.4,0.1,0.8,1.4,10.5
192,Jaxson Hayes,C,23,LAL,37,1,9.6,1.3,1.9,.681,0.0,0.1,.000,1.3,1.7,.734,.681,0.4,0.8,.552,0.5,1.2,1.7,0.3,0.2,0.4,0.5,1.8,3.0
193,Killian Hayes,PG,22,DET,41,30,23.9,2.8,6.7,.413,0.5,1.7,.286,2.3,5.0,.456,.449,0.8,1.2,.660,0.3,2.5,2.8,4.8,0.9,0.5,1.2,1.8,6.9
194,Gordon Hayward,SF,33,CHO,25,25,31.9,5.6,11.9,.468,0.9,2.4,.361,4.7,9.4,.496,.505,2.5,3.2,.765,1.0,3.7,4.7,4.6,1.1,0.5,2.0,1.8,14.5
195,Scoot Henderson,PG,19,POR,38,15,26.4,4.3,11.7,.370,1.2,3.9,.306,3.1,7.8,.402,.421,2.4,3.1,.786,0.8,2.1,2.9,4.6,0.6,0.3,3.0,3.1,12.2
196,Taylor Hendricks,PF,20,UTA,13,0,13.9,1.8,4.5,.397,0.9,2.7,.343,0.8,1.8,.478,.500,0.5,0.6,.750,0.8,1.4,2.2,0.5,0.7,0.5,0.7,0.9,4.9
197,Tyler Herro,SG,24,MIA,28,28,34.0,8.0,18.5,.432,3.4,8.4,.403,4.6,10.1,.457,.524,2.1,2.4,.853,0.5,4.8,5.3,4.1,1.0,0.1,2.3,1.5,21.5
198,Buddy Hield,SF,31,IND,47,26,25.7,4.5,10.1,.441,2.7,7.0,.388,1.7,3.1,.562,.576,0.6,0.7,.848,0.7,2.6,3.2,2.7,0.8,0.6,1.3,2.0,12.3
199,Haywood Highsmith,PF,27,MIA,33,21,21.3,2.2,5.0,.434,1.2,3.0,.394,1.0,2.0,.493,.551,0.6,0.7,.792,0.8,2.1,2.9,1.2,1.0,0.5,0.7,2.0,6.1
200,Nate Hinton,SG,24,HOU,7,0,4.7,0.7,1.6,.455,0.6,0.7,.800,0.1,0.9,.167,.636,0.0,0.0,,0.3,0.9,1.1,0.3,0.0,0.1,0.3,1.0,2.0
Rk,Player,Pos,Age,Tm,G,GS,MP,FG,FGA,FG%,3P,3PA,3P%,2P,2PA,2P%,eFG%,FT,FTA,FT%,ORB,DRB,TRB,AST,STL,BLK,TOV,PF,PTS
201,D'Moi Hodge,SG,25,LAL,7,0,5.9,0.7,2.1,.333,0.4,1.7,.250,0.3,0.4,.667,.433,0.1,0.3,.500,0.0,0.0,0.0,0.7,0.1,0.1,0.1,0.6,2.0
202,Aaron Holiday,PG,27,HOU,43,1,17.1,2.4,5.3,.452,1.2,2.9,.407,1.2,2.4,.505,.561,0.7,0.8,.912,0.3,1.6,1.9,1.7,0.5,0.1,0.8,1.5,6.7
203,Jrue Holiday,PG,33,BOS,43,43,33.5,5.0,10.9,.461,2.1,4.9,.420,3.0,6.0,.494,.555,1.2,1.4,.823,1.4,4.6,6.0,4.6,0.8,0.7,1.9,1.6,13.3
204,Justin Holiday,SG,34,DEN,26,6,13.0,1.3,2.7,.493,0.8,1.9,.429,0.5,0.8,.636,.641,0.0,0.0,,0.2,1.0,1.2,1.0,0.6,0.0,0.2,1.2,3.5
205,Richaun Holmes,C,30,DAL,21,1,9.6,1.4,2.5,.547,0.0,0.0,,1.4,2.5,.547,.547,0.4,0.9,.500,1.4,1.8,3.2,0.5,0.1,0.3,0.6,1.4,3.2
206,Chet Holmgren,C,21,OKC,47,47,30.0,6.3,11.9,.533,1.6,4.1,.374,4.8,7.7,.618,.598,2.5,3.2,.773,1.5,6.0,7.5,2.7,0.6,2.6,1.7,2.6,16.7
207,Jalen Hood-Schifino,SG,20,LAL,13,0,6.7,0.6,2.6,.235,0.1,0.8,.100,0.5,1.8,.292,.250,0.5,0.9,.583,0.2,0.6,0.8,0.6,0.2,0.2,0.6,0.8,1.8
208,Al Horford,C,37,BOS,39,19,27.1,2.9,6.0,.483,1.6,4.0,.413,1.3,2.0,.620,.620,0.3,0.4,.857,1.3,5.5,6.8,2.9,0.4,0.9,0.8,1.6,7.7
209,Talen Horton-Tucker,PG,23,UTA,32,11,21.1,4.0,9.7,.411,1.2,3.6,.333,2.8,6.1,.456,.472,1.6,2.0,.800,0.4,2.1,2.5,4.1,1.0,0.3,1.6,1.9,10.8
210,Danuel House Jr.,SF,30,PHI,30,0,14.3,1.3,3.0,.449,0.5,1.4,.326,0.9,1.5,.565,.528,0.9,1.2,.703,0.4,1.2,1.6,0.8,0.4,0.1,0.6,1.2,4.0
211,Caleb Houstan,SF,21,ORL,36,7,15.6,1.6,4.1,.383,1.4,3.9,.360,0.2,0.3,.700,.550,0.5,0.6,.773,0.6,1.1,1.7,0.6,0.3,0.0,0.4,1.2,5.0
212,Jett Howard,SF,20,ORL,11,0,3.8,0.6,1.7,.368,0.4,1.3,.286,0.3,0.5,.600,.474,0.2,0.4,.500,0.1,0.4,0.5,0.3,0.0,0.1,0.2,0.1,1.8
213,Kevin Huerter,SG,25,SAC,43,38,24.5,4.0,9.1,.446,2.0,5.6,.365,2.0,3.5,.577,.559,0.7,0.8,.778,0.5,3.3,3.8,2.7,0.7,0.4,0.6,2.2,10.8
214,Jay Huff,C,25,DEN,6,0,2.8,0.5,1.0,.500,0.2,0.7,.250,0.3,0.3,1.000,.583,0.0,0.0,,0.0,0.2,0.2,0.2,0.0,0.0,0.2,0.8,1.2
215,De'Andre Hunter,SF,26,ATL,24,24,30.3,5.1,11.0,.460,1.9,4.8,.404,3.2,6.3,.503,.547,2.8,3.1,.907,0.6,3.5,4.1,1.4,0.8,0.4,1.5,3.0,14.9
216,Matthew Hurt,PF,23,MEM,1,0,23.0,3.0,6.0,.500,2.0,3.0,.667,1.0,3.0,.333,.667,2.0,2.0,1.000,1.0,1.0,2.0,1.0,0.0,0.0,0.0,1.0,10.0
217,Bones Hyland,PG,23,LAC,18,2,13.7,2.4,6.4,.371,1.1,3.4,.323,1.3,3.0,.426,.457,0.6,0.7,.833,0.1,0.8,0.9,1.8,0.6,0.1,1.2,1.4,6.4
218,Joe Ingles,SF,36,ORL,33,0,18.1,1.7,4.2,.401,1.1,2.7,.393,0.6,1.5,.417,.529,0.5,0.6,.850,0.5,2.1,2.5,3.2,0.7,0.1,1.0,1.6,4.9
219,Brandon Ingram,SF,26,NOP,43,43,33.0,8.0,16.3,.489,1.4,3.9,.355,6.6,12.5,.530,.531,4.1,5.1,.800,0.6,4.3,4.9,5.7,0.8,0.5,2.4,2.2,21.4
220,Kyrie Irving,SG,31,DAL,27,27,33.3,9.3,19.6,.472,2.9,7.0,.411,6.4,12.6,.506,.545,3.8,4.2,.895,0.8,4.3,5.1,5.3,1.3,0.4,1.6,1.9,25.2
Rk,Player,Pos,Age,Tm,G,GS,MP,FG,FGA,FG%,3P,3PA,3P%,2P,2PA,2P%,eFG%,FT,FTA,FT%,ORB,DRB,TRB,AST,STL,BLK,TOV,PF,PTS
221,Jonathan Isaac,PF,26,ORL,29,1,14.0,2.2,4.7,.467,0.6,2.0,.281,1.7,2.8,.600,.526,1.3,1.7,.771,1.1,2.7,3.8,0.4,0.7,1.1,0.4,1.2,6.2
222,Jaden Ivey,SG,21,DET,42,26,26.7,5.0,11.2,.448,1.3,4.1,.327,3.7,7.1,.517,.507,2.9,4.0,.722,1.4,2.5,3.8,3.7,0.7,0.6,2.3,2.7,14.3
223,Andre Jackson Jr.,SG,22,MIL,39,8,11.5,1.1,2.0,.551,0.4,0.9,.389,0.7,1.1,.690,.641,0.2,0.2,.889,0.9,1.3,2.2,0.9,0.3,0.1,0.5,1.9,2.8
224,Gregory Jackson II,PF,19,MEM,15,0,15.5,2.7,5.7,.482,1.4,3.1,.457,1.3,2.6,.513,.606,1.5,2.0,.733,0.7,2.1,2.9,0.7,0.4,0.5,0.6,1.0,8.3
225,Isaiah Jackson,C,22,IND,36,1,13.4,2.8,4.1,.664,0.0,0.1,.000,2.8,4.1,.678,.664,1.3,1.8,.697,1.5,2.6,4.1,0.9,0.6,1.2,0.7,2.8,6.8
226,Jaren Jackson Jr.,C,24,MEM,45,45,31.7,7.5,16.8,.446,1.7,5.4,.315,5.8,11.4,.508,.497,5.2,6.3,.834,1.3,4.4,5.6,2.0,1.0,1.6,2.2,3.5,21.9
227,Reggie Jackson,PG,33,DEN,48,14,23.0,4.4,9.5,.461,1.3,3.6,.374,3.0,5.9,.512,.531,0.9,1.2,.759,0.4,1.7,2.0,4.0,0.6,0.2,1.4,1.9,11.0
228,Trayce Jackson-Davis,PF,23,GSW,32,3,14.2,2.9,4.2,.687,0.0,0.0,,2.9,4.2,.687,.687,1.1,1.9,.567,1.7,2.6,4.3,1.0,0.4,0.8,0.7,1.7,6.8
229,LeBron James,PF,39,LAL,43,43,34.7,9.4,17.9,.523,2.2,5.4,.399,7.2,12.5,.576,.583,4.1,5.6,.736,0.9,6.5,7.4,7.7,1.3,0.6,3.3,1.2,25.0
230,Jaime Jaquez Jr.,SF,22,MIA,41,15,30.0,5.2,10.3,.505,1.0,3.0,.344,4.2,7.3,.570,.555,2.1,2.5,.837,1.2,2.6,3.8,2.7,1.1,0.3,1.7,2.5,13.5
231,DaQuan Jeffries,SG,26,NYK,10,0,3.0,0.5,1.2,.417,0.1,0.5,.200,0.4,0.7,.571,.458,0.0,0.2,.000,0.0,0.5,0.5,0.2,0.0,0.0,0.1,0.2,1.1
232,Trey Jemison,C,24,WAS,2,0,0.5,0.0,0.0,,0.0,0.0,,0.0,0.0,,,0.0,0.0,,0.0,0.5,0.5,0.0,0.0,0.0,0.5,0.0,0.0
233,Ty Jerome,SG,26,CLE,2,0,7.5,1.0,2.0,.500,0.0,0.5,.000,1.0,1.5,.667,.500,0.0,0.0,,0.5,0.0,0.5,1.5,0.0,0.0,0.5,1.0,2.0
234,Isaiah Joe,SG,24,OKC,47,0,18.8,3.0,6.4,.462,2.0,4.8,.424,0.9,1.6,.571,.620,0.7,0.8,.842,0.4,2.0,2.4,1.1,0.6,0.3,0.6,1.2,8.6
235,Cameron Johnson,PF,27,BRK,37,37,28.4,5.1,11.3,.456,2.5,6.1,.404,2.7,5.2,.516,.565,1.1,1.6,.724,1.1,3.5,4.6,2.6,0.7,0.2,0.9,1.8,13.9
236,Jalen Johnson,SF,22,ATL,32,29,32.9,6.1,11.3,.541,1.2,3.2,.369,4.9,8.1,.610,.594,2.0,2.7,.747,1.2,7.0,8.2,3.2,1.3,0.8,2.0,2.6,15.5
237,James Johnson,PF,36,IND,5,0,4.8,0.4,1.0,.400,0.0,0.2,.000,0.4,0.8,.500,.400,0.0,0.0,,0.2,0.6,0.8,1.0,0.8,0.0,0.4,0.8,0.8
238,Keldon Johnson,SF,24,SAS,45,26,30.6,6.0,13.4,.452,1.8,5.2,.338,4.3,8.2,.524,.517,2.8,3.6,.779,1.4,4.5,5.9,3.3,0.9,0.3,1.6,2.4,16.7
239,Keon Johnson,SG,21,BRK,1,0,21.0,3.0,8.0,.375,2.0,4.0,.500,1.0,4.0,.250,.500,4.0,4.0,1.000,0.0,1.0,1.0,1.0,1.0,1.0,1.0,1.0,12.0
240,Keyontae Johnson,SF,23,OKC,6,0,8.0,0.7,1.8,.364,0.2,0.3,.500,0.5,1.5,.333,.409,0.0,0.0,,0.5,0.5,1.0,0.7,0.0,0.0,0.5,0.5,1.5
Rk,Player,Pos,Age,Tm,G,GS,MP,FG,FGA,FG%,3P,3PA,3P%,2P,2PA,2P%,eFG%,FT,FTA,FT%,ORB,DRB,TRB,AST,STL,BLK,TOV,PF,PTS
241,Nikola Jokić,C,28,DEN,47,47,33.7,10.2,17.5,.585,1.0,2.9,.358,9.2,14.6,.631,.615,4.8,5.9,.815,3.0,9.1,12.1,9.0,1.2,0.9,2.9,2.6,26.3
242,Colby Jones,SG,21,SAC,15,0,7.3,1.1,2.8,.381,0.1,0.9,.077,1.0,1.9,.517,.393,0.1,0.2,.667,0.6,0.8,1.4,0.6,0.3,0.1,0.3,1.0,2.3
243,Damian Jones,C,28,CLE,20,0,6.3,0.8,1.4,.536,0.1,0.4,.286,0.7,1.1,.619,.571,0.4,0.4,.875,0.4,0.9,1.3,0.4,0.2,0.3,0.3,0.7,2.0
244,Derrick Jones Jr.,SF,26,DAL,43,42,25.8,3.7,7.7,.486,1.4,3.9,.349,2.3,3.7,.631,.576,1.3,1.8,.737,1.2,2.4,3.6,1.0,0.8,0.8,1.0,1.9,10.1
245,Herbert Jones,SF,25,NOP,44,44,28.5,3.9,7.9,.494,1.4,3.5,.396,2.5,4.4,.573,.582,1.8,2.0,.856,1.1,2.5,3.6,2.5,1.1,0.9,1.2,2.8,10.9
246,Tre Jones,PG,24,SAS,42,13,25.5,3.8,7.5,.503,0.6,2.2,.290,3.1,5.3,.592,.546,1.3,1.5,.902,0.7,2.4,3.1,5.7,1.0,0.1,1.4,1.3,9.5
247,Tyus Jones,PG,27,WAS,46,46,28.6,5.2,10.4,.500,1.5,3.8,.410,3.7,6.6,.551,.574,0.5,0.7,.742,0.3,2.5,2.9,6.3,1.2,0.3,0.8,0.7,12.4
248,DeAndre Jordan,C,35,DEN,24,1,12.2,1.7,2.7,.641,0.0,0.0,,1.7,2.7,.641,.641,0.9,2.0,.447,1.7,3.1,4.8,0.8,0.2,0.5,0.8,1.8,4.3
249,Cory Joseph,PG,32,GSW,24,0,11.5,0.8,2.3,.339,0.5,1.5,.297,0.3,0.8,.421,.438,0.2,0.3,.571,0.2,1.0,1.2,1.6,0.2,0.1,0.5,0.9,2.2
250,Nikola Jović,PF,20,MIA,19,12,16.7,1.9,4.8,.402,1.0,2.4,.422,0.9,2.5,.383,.505,0.6,1.1,.550,0.9,3.4,4.3,1.9,0.3,0.4,0.9,1.9,5.5
251,Johnny Juzang,SG,22,UTA,1,0,4.0,0.0,2.0,.000,0.0,2.0,.000,0.0,0.0,,.000,0.0,0.0,,0.0,0.0,0.0,1.0,0.0,0.0,0.0,0.0,0.0
252,Luke Kennard,SG,27,MEM,21,9,24.6,3.5,8.1,.433,2.7,6.3,.432,0.8,1.9,.436,.599,0.8,0.9,.895,0.4,2.8,3.2,3.1,0.5,0.0,1.0,1.0,10.6
253,Walker Kessler,C,22,UTA,40,13,23.5,3.8,5.8,.657,0.1,0.4,.250,3.7,5.4,.687,.665,0.8,1.6,.500,2.5,4.9,7.4,0.8,0.5,2.7,1.0,2.2,8.5
254,Braxton Key,SF,26,DEN,13,0,3.4,0.4,1.1,.357,0.1,0.3,.250,0.3,0.8,.400,.393,0.3,0.4,.800,0.2,0.6,0.8,0.6,0.2,0.0,0.1,0.3,1.2
255,Corey Kispert,SF,24,WAS,45,1,21.6,4.0,8.3,.477,1.9,5.1,.364,2.1,3.2,.662,.590,1.4,1.8,.775,0.3,1.9,2.2,1.5,0.3,0.2,1.0,1.5,11.2
256,Maxi Kleber,C,32,DAL,12,2,18.8,1.2,3.4,.341,0.5,1.9,.261,0.7,1.5,.444,.415,0.8,1.3,.667,0.8,2.3,3.1,1.6,0.2,0.6,0.8,2.0,3.7
257,Kevin Knox,SF,24,DET,28,9,18.2,2.9,6.1,.471,1.1,3.1,.345,1.8,3.0,.600,.558,0.7,0.8,.905,0.6,1.9,2.4,0.7,0.4,0.3,0.6,1.6,7.5
258,John Konchar,SF,27,MEM,37,8,18.1,1.4,3.4,.411,0.6,2.0,.301,0.8,1.4,.569,.500,0.2,0.3,.750,1.1,2.9,4.0,1.6,0.7,0.9,0.6,1.1,3.6
259,Furkan Korkmaz,SG,26,PHI,30,0,7.2,0.6,1.8,.352,0.2,0.9,.259,0.4,0.9,.444,.417,0.3,0.4,.692,0.0,0.5,0.6,0.6,0.4,0.0,0.3,0.4,1.8
260,Luke Kornet,C,28,BOS,33,2,15.1,2.2,3.3,.685,0.0,0.0,,2.2,3.3,.685,.685,0.8,0.9,.897,1.8,2.0,3.9,0.9,0.4,1.0,0.5,1.4,5.3
Rk,Player,Pos,Age,Tm,G,GS,MP,FG,FGA,FG%,3P,3PA,3P%,2P,2PA,2P%,eFG%,FT,FTA,FT%,ORB,DRB,TRB,AST,STL,BLK,TOV,PF,PTS
261,Jonathan Kuminga,PF,21,GSW,42,16,23.9,5.5,10.3,.530,0.8,2.6,.324,4.6,7.7,.599,.571,2.8,3.9,.712,1.2,3.3,4.5,1.6,0.6,0.4,1.5,2.2,14.5
262,Kyle Kuzma,PF,28,WAS,46,46,31.4,8.6,18.8,.456,2.2,6.8,.329,6.3,12.0,.528,.516,2.5,3.2,.795,1.0,5.6,6.6,4.4,0.4,0.7,2.7,2.0,21.9
263,Jock Landale,C,28,HOU,27,0,9.2,0.9,2.3,.387,0.1,0.6,.118,0.8,1.7,.489,.403,0.4,0.6,.733,1.3,0.8,2.1,0.6,0.3,0.4,0.4,1.0,2.3
264,Jake LaRavia,PF,22,MEM,11,0,11.1,1.5,3.9,.372,0.5,2.2,.208,1.0,1.7,.579,.430,0.3,0.4,.750,0.6,0.8,1.5,0.5,0.1,0.1,0.4,1.7,3.6
265,Zach LaVine,SG,28,CHI,25,23,34.9,6.8,15.0,.452,2.4,6.8,.349,4.4,8.3,.536,.531,3.5,4.1,.854,0.3,4.8,5.2,3.9,0.8,0.3,2.1,2.3,19.5
266,A.J. Lawson,SG,23,DAL,21,0,9.4,1.6,3.4,.465,0.6,1.7,.333,1.0,1.7,.600,.549,0.5,0.7,.733,0.4,0.8,1.2,0.6,0.4,0.1,0.5,0.7,4.2
267,Saben Lee,PG,24,PHO,11,0,6.8,0.8,1.9,.429,0.0,0.5,.000,0.8,1.5,.563,.429,1.2,1.5,.765,0.5,0.6,1.1,1.1,0.3,0.3,0.5,0.5,2.8
268,Alex Len,C,30,SAC,17,0,8.8,1.1,1.7,.621,0.0,0.1,.000,1.1,1.6,.667,.621,0.2,0.6,.400,1.4,1.9,3.3,1.1,0.2,0.5,0.6,1.1,2.4
269,Kawhi Leonard,SF,32,LAC,41,41,34.5,8.9,17.0,.525,2.2,5.1,.442,6.7,11.9,.560,.591,3.7,4.1,.882,1.1,5.1,6.2,3.7,1.7,0.9,1.6,1.5,23.8
270,Caris LeVert,SG,29,CLE,34,1,28.5,5.6,13.3,.422,1.9,5.5,.340,3.7,7.8,.479,.492,2.4,3.3,.748,0.5,3.0,3.5,4.1,1.0,0.4,1.5,1.7,15.6
271,Kira Lewis Jr.,PG,22,TOT,16,0,9.1,1.0,3.3,.308,0.1,1.3,.100,0.9,2.0,.438,.327,0.6,0.7,.909,0.3,0.6,0.9,1.1,0.3,0.1,0.5,0.6,2.8
271,Kira Lewis Jr.,PG,22,NOP,15,0,9.6,1.1,3.5,.308,0.1,1.3,.100,0.9,2.1,.438,.327,0.7,0.7,.909,0.3,0.7,0.9,1.2,0.3,0.1,0.5,0.5,2.9
271,Kira Lewis Jr.,PG,22,TOR,1,0,2.0,0.0,0.0,,0.0,0.0,,0.0,0.0,,,0.0,0.0,,0.0,0.0,0.0,0.0,0.0,0.0,0.0,1.0,0.0
272,Maxwell Lewis,SF,21,LAL,16,0,3.9,0.1,0.6,.200,0.1,0.2,.333,0.1,0.4,.143,.250,0.0,0.0,,0.1,0.1,0.2,0.2,0.1,0.0,0.3,0.1,0.3
273,E.J. Liddell,PF,23,NOP,8,0,2.9,0.1,0.8,.167,0.0,0.6,.000,0.1,0.1,1.000,.167,0.3,0.3,1.000,0.0,0.6,0.6,0.1,0.3,0.3,0.3,0.3,0.5
274,Damian Lillard,PG,33,MIL,44,44,35.2,7.4,17.4,.422,3.0,8.5,.347,4.4,8.9,.495,.507,7.4,8.0,.924,0.5,3.7,4.3,6.8,1.1,0.2,2.4,1.6,25.1
275,Nassir Little,SF,23,PHO,27,2,13.9,1.7,3.5,.484,0.6,1.9,.308,1.1,1.6,.698,.568,0.6,0.7,.850,0.5,1.7,2.3,0.6,0.4,0.3,0.4,1.1,4.6
276,Dereck Lively II,C,19,DAL,36,35,26.0,4.2,5.6,.739,0.0,0.1,.000,4.2,5.6,.746,.739,0.9,1.6,.544,2.9,5.0,7.9,1.3,0.6,1.4,1.2,3.1,9.2
277,Isaiah Livers,PF,25,DET,23,6,20.4,1.7,5.0,.345,1.0,3.3,.286,0.8,1.7,.462,.440,0.5,0.8,.667,0.7,1.4,2.1,1.1,0.6,0.2,0.7,1.9,5.0
278,Chris Livingston,SF,20,MIL,13,0,4.5,0.5,1.0,.538,0.1,0.1,1.000,0.5,0.9,.500,.577,0.2,0.2,1.000,0.2,0.8,1.0,0.3,0.2,0.0,0.2,0.5,1.3
279,Kenneth Lofton Jr.,PF,21,TOT,16,0,6.4,0.9,2.4,.359,0.2,0.6,.300,0.7,1.8,.379,.397,0.5,0.9,.533,0.1,0.9,1.1,0.9,0.2,0.2,0.5,0.9,2.4
279,Kenneth Lofton Jr.,PF,21,MEM,15,0,6.6,0.9,2.5,.378,0.2,0.7,.300,0.7,1.8,.407,.419,0.5,1.0,.533,0.1,0.9,1.0,0.9,0.2,0.2,0.4,1.0,2.6
279,Kenneth Lofton Jr.,PF,21,PHI,1,0,4.0,0.0,2.0,.000,0.0,0.0,,0.0,2.0,.000,.000,0.0,0.0,,0.0,2.0,2.0,0.0,0.0,0.0,2.0,0.0,0.0
280,Kevon Looney,C,27,GSW,43,36,19.8,2.3,3.7,.614,0.0,0.0,.000,2.3,3.7,.618,.614,0.9,1.3,.704,2.5,4.4,6.9,2.3,0.5,0.3,0.8,2.4,5.4
Rk,Player,Pos,Age,Tm,G,GS,MP,FG,FGA,FG%,3P,3PA,3P%,2P,2PA,2P%,eFG%,FT,FTA,FT%,ORB,DRB,TRB,AST,STL,BLK,TOV,PF,PTS
281,Brook Lopez,C,35,MIL,47,47,31.8,5.0,10.1,.491,1.7,5.0,.346,3.2,5.1,.631,.576,1.5,1.8,.826,1.6,3.9,5.5,1.6,0.6,2.8,1.0,2.7,13.1
282,Robin Lopez,C,35,MIL,13,0,2.9,0.2,0.6,.375,0.2,0.5,.333,0.1,0.2,.500,.500,0.2,0.2,1.000,0.1,0.2,0.2,0.3,0.0,0.1,0.1,0.3,0.8
283,Kevin Love,PF,35,MIA,36,5,18.1,2.9,6.6,.431,1.5,4.6,.329,1.4,2.1,.653,.544,1.9,2.4,.784,1.1,5.1,6.2,2.3,0.4,0.2,0.8,1.8,9.1
284,Kyle Lowry,PG,37,MIA,37,35,28.0,2.8,6.5,.426,1.7,4.4,.385,1.1,2.2,.506,.554,0.9,1.1,.833,0.7,2.8,3.5,4.0,1.1,0.4,1.4,2.5,8.2
285,Seth Lundy,SF,23,ATL,9,0,5.8,0.4,1.9,.235,0.3,1.4,.231,0.1,0.4,.250,.324,0.3,0.4,.750,0.1,0.7,0.8,0.0,0.0,0.0,0.1,0.7,1.6
286,Trey Lyles,PF,28,SAC,31,0,20.2,2.4,5.4,.446,1.5,3.9,.388,0.9,1.5,.600,.587,0.7,1.1,.618,0.9,3.7,4.6,1.3,0.2,0.3,0.6,1.6,7.0
287,Théo Maledon,PG,22,CHO,13,1,15.4,1.5,5.1,.288,0.4,2.3,.167,1.1,2.8,.389,.326,0.8,0.9,.917,0.3,1.5,1.8,2.2,0.5,0.0,1.2,1.4,4.2
288,Sandro Mamukelashvili,C,24,SAS,26,0,6.8,0.9,2.3,.407,0.3,1.2,.250,0.6,1.0,.593,.475,0.5,0.6,.750,0.6,1.3,1.9,1.0,0.2,0.3,0.3,0.7,2.6
289,Terance Mann,SG,27,LAC,39,35,25.0,2.9,6.5,.455,0.9,3.0,.305,2.0,3.5,.585,.526,0.8,1.1,.738,1.2,2.0,3.2,1.8,0.6,0.3,0.6,1.9,7.6
290,Tre Mann,PG,22,OKC,13,0,9.2,1.5,3.1,.500,0.6,1.5,.421,0.9,1.6,.571,.600,0.1,0.1,1.000,0.3,1.5,1.8,1.5,0.2,0.0,0.7,0.2,3.8
291,Boban Marjanović,C,35,HOU,8,0,5.5,1.0,2.4,.421,0.0,0.3,.000,1.0,2.1,.471,.421,0.1,0.5,.250,0.6,1.6,2.3,0.5,0.0,0.1,0.1,0.5,2.1
292,Lauri Markkanen,PF,26,UTA,38,38,32.4,7.9,16.1,.494,3.2,8.0,.400,4.7,8.1,.588,.594,4.6,5.3,.876,2.4,6.3,8.8,1.9,0.9,0.6,1.3,1.9,23.7
293,Naji Marshall,SF,26,NOP,38,1,18.2,2.6,5.7,.450,0.8,2.3,.372,1.7,3.5,.500,.523,1.4,1.8,.783,1.0,2.4,3.4,1.9,0.7,0.2,1.0,1.5,7.4
294,Caleb Martin,SF,28,MIA,30,12,26.2,3.9,8.8,.445,1.2,3.2,.389,2.7,5.7,.476,.515,1.4,1.8,.759,1.2,3.5,4.7,2.1,0.7,0.3,1.2,2.0,10.5
295,Cody Martin,SF,28,CHO,15,9,26.0,2.7,7.4,.369,1.0,3.1,.326,1.7,4.3,.400,.437,0.8,1.5,.545,0.9,2.6,3.5,2.9,1.3,0.7,1.3,1.8,7.3
296,KJ Martin,SF,23,TOT,31,0,8.5,1.0,2.1,.500,0.0,0.3,.100,1.0,1.7,.574,.508,0.4,0.6,.550,0.2,0.7,1.0,0.5,0.4,0.0,0.4,1.3,2.5
296,KJ Martin,SF,23,LAC,2,0,15.5,2.0,5.0,.400,0.5,2.5,.200,1.5,2.5,.600,.450,0.5,1.0,.500,0.5,1.0,1.5,0.5,1.0,0.5,1.0,1.5,5.0
296,KJ Martin,SF,23,PHI,29,0,8.0,1.0,1.9,.519,0.0,0.2,.000,1.0,1.7,.571,.519,0.3,0.6,.556,0.2,0.7,0.9,0.6,0.3,0.0,0.3,1.3,2.3
297,Garrison Mathews,SG,27,ATL,32,3,12.8,1.2,2.7,.459,1.1,2.5,.456,0.1,0.2,.500,.671,0.1,0.3,.444,0.3,1.0,1.2,0.5,0.3,0.1,0.5,1.6,3.7
298,Bennedict Mathurin,SF,21,IND,47,14,25.5,5.1,11.1,.456,1.3,3.5,.364,3.8,7.6,.499,.513,2.9,3.5,.834,1.0,2.8,3.9,1.9,0.6,0.2,1.6,2.0,14.3
299,Wesley Matthews,SG,37,ATL,19,1,11.2,0.5,2.1,.256,0.3,1.6,.200,0.2,0.5,.444,.333,0.7,1.0,.737,0.2,1.2,1.4,0.6,0.5,0.2,0.3,1.4,2.1
300,Tyrese Maxey,PG,23,PHI,42,42,37.5,8.8,19.7,.448,3.1,8.2,.373,5.7,11.4,.502,.526,5.0,5.8,.864,0.6,3.0,3.6,6.6,1.0,0.5,1.6,2.1,25.7
Rk,Player,Pos,Age,Tm,G,GS,MP,FG,FGA,FG%,3P,3PA,3P%,2P,2PA,2P%,eFG%,FT,FTA,FT%,ORB,DRB,TRB,AST,STL,BLK,TOV,PF,PTS
301,Skylar Mays,PG-SG,26,TOT,24,5,15.9,2.5,6.2,.399,0.7,2.1,.314,1.8,4.0,.443,.453,0.5,0.7,.765,0.4,1.2,1.6,3.3,0.7,0.1,0.8,1.0,6.1
301,Skylar Mays,PG,26,POR,21,5,17.0,2.5,6.6,.384,0.7,2.3,.286,1.9,4.2,.438,.435,0.6,0.8,.765,0.4,1.3,1.8,3.6,0.7,0.1,0.9,1.0,6.3
301,Skylar Mays,SG,26,LAL,3,0,8.7,2.0,3.3,.600,0.7,0.7,1.000,1.3,2.7,.500,.700,0.0,0.0,,0.3,0.3,0.7,1.3,0.7,0.0,0.0,1.0,4.7
302,Miles McBride,PG,23,NYK,34,2,10.0,1.8,3.8,.469,1.1,2.4,.469,0.7,1.4,.469,.615,0.3,0.4,.786,0.1,0.6,0.7,0.9,0.4,0.1,0.3,1.1,5.0
303,CJ McCollum,PG,32,NOP,33,33,31.9,6.8,14.7,.465,3.4,7.8,.436,3.5,6.9,.498,.580,2.0,2.5,.798,0.6,3.6,4.2,4.8,1.2,0.8,1.7,2.2,19.1
304,T.J. McConnell,PG,31,IND,38,3,17.0,3.5,6.7,.525,0.1,0.4,.118,3.5,6.3,.555,.529,0.9,1.2,.750,0.5,2.1,2.6,5.5,1.1,0.1,1.5,1.1,8.0
305,Jaden McDaniels,SF,23,MIN,37,36,28.9,4.5,8.7,.517,1.3,3.3,.382,3.2,5.4,.601,.590,0.7,0.9,.765,0.7,2.0,2.7,1.3,0.9,0.5,1.1,3.1,10.9
306,Jalen McDaniels,SF,26,TOR,28,0,8.8,1.1,3.2,.333,0.3,1.6,.178,0.8,1.6,.489,.378,0.5,0.7,.700,0.3,0.9,1.2,0.5,0.4,0.1,0.3,0.9,2.9
307,Doug McDermott,SF,32,SAS,42,0,15.4,2.1,4.7,.449,1.7,3.8,.449,0.4,0.9,.447,.630,0.2,0.4,.667,0.2,0.9,1.0,1.3,0.2,0.0,0.5,1.0,6.1
308,JaVale McGee,C,36,SAC,35,0,8.3,2.0,3.1,.648,0.0,0.1,.000,2.0,3.0,.667,.648,0.7,1.1,.625,1.0,2.0,3.0,0.4,0.3,0.5,0.9,1.2,4.7
309,Bryce McGowens,SG,21,CHO,36,10,16.1,1.8,3.9,.447,0.7,1.9,.373,1.1,2.1,.514,.535,0.8,1.1,.744,0.3,1.4,1.7,0.9,0.3,0.1,0.6,1.4,5.0
310,Jordan McLaughlin,PG,27,MIN,26,0,9.1,1.0,2.3,.426,0.5,1.3,.394,0.5,1.1,.464,.533,0.1,0.2,.500,0.3,0.7,1.0,1.7,0.7,0.2,0.4,0.5,2.6
311,De'Anthony Melton,SG,25,PHI,33,33,29.1,3.9,9.9,.393,2.1,5.8,.363,1.8,4.1,.437,.500,1.9,2.3,.827,0.8,3.2,4.0,3.2,1.6,0.5,1.2,2.4,11.8
312,Nathan Mensah,C,25,CHO,20,0,13.3,0.5,1.2,.435,0.0,0.0,,0.5,1.2,.435,.435,0.5,0.6,.750,1.3,1.6,2.9,0.5,0.3,0.7,0.7,2.9,1.5
313,Sam Merrill,SG,27,CLE,29,0,16.3,2.9,6.7,.428,2.4,5.7,.428,0.4,1.0,.429,.611,0.3,0.4,.909,0.5,1.6,2.0,1.6,0.3,0.0,0.3,1.3,8.5
314,Chimezie Metu,C,26,PHO,35,5,12.5,1.8,3.6,.508,0.4,1.5,.294,1.4,2.1,.653,.567,1.1,1.2,.884,0.7,2.4,3.1,0.5,0.5,0.3,0.7,1.1,5.2
315,Vasilije Micić,PG,30,OKC,26,0,11.8,1.2,2.9,.408,0.3,1.4,.243,0.8,1.5,.564,.467,0.4,0.5,.786,0.0,0.7,0.8,2.3,0.3,0.1,0.8,0.8,3.2
316,Khris Middleton,SF,32,MIL,40,40,26.2,5.7,11.7,.485,1.7,4.6,.372,4.0,7.1,.558,.558,1.9,2.3,.835,0.6,3.8,4.4,5.0,0.9,0.3,2.1,2.4,14.9
317,Brandon Miller,SF,21,CHO,39,33,30.8,5.7,13.0,.435,2.1,5.6,.378,3.6,7.5,.478,.516,1.7,2.1,.813,0.8,3.1,3.9,2.3,0.6,0.5,1.5,2.6,15.1
318,Jordan Miller,SF,24,LAC,4,0,4.0,0.8,1.3,.600,0.3,0.3,1.000,0.5,1.0,.500,.700,0.0,0.0,,0.5,0.3,0.8,0.0,0.0,0.0,0.3,0.5,1.8
319,Leonard Miller,SF,20,MIN,5,0,3.8,1.2,1.8,.667,0.2,0.6,.333,1.0,1.2,.833,.722,0.0,0.0,,0.0,1.8,1.8,0.2,0.2,0.2,0.2,0.6,2.6
320,Dariq Whitehead,SF,19,BRK,2,0,12.0,0.5,2.5,.200,0.0,1.5,.000,0.5,1.0,.500,.200,0.5,1.0,.500,0.0,2.0,2.0,1.5,0.0,0.5,0.0,0.0,1.5
Rk,Player,Pos,Age,Tm,G,GS,MP,FG,FGA,FG%,3P,3PA,3P%,2P,2PA,2P%,eFG%,FT,FTA,FT%,ORB,DRB,TRB,AST,STL,BLK,TOV,PF,PTS
321,Patty Mills,PG,35,ATL,15,0,11.5,1.2,2.9,.409,0.9,1.9,.448,0.3,1.0,.333,.557,0.0,0.0,,0.3,0.7,1.1,0.9,0.5,0.1,0.5,1.1,3.3
322,Shake Milton,SG,27,MIN,36,0,13.3,1.7,4.3,.403,0.4,1.5,.264,1.3,2.8,.475,.448,1.0,1.2,.818,0.2,1.2,1.4,1.4,0.4,0.1,0.8,1.2,4.8
323,Justin Minaya,SF,24,POR,12,0,9.6,0.5,1.7,.300,0.3,1.1,.231,0.3,0.6,.429,.375,0.3,0.5,.500,0.4,0.7,1.1,0.4,0.3,0.4,0.3,0.8,1.5
324,Josh Minott,SF,21,MIN,15,0,3.1,0.5,1.2,.444,0.0,0.3,.000,0.5,0.9,.615,.444,0.7,0.8,.833,0.1,0.1,0.2,0.2,0.1,0.2,0.1,0.4,1.7
325,Davion Mitchell,PG,25,SAC,35,3,12.5,1.4,3.7,.375,0.5,1.9,.269,0.9,1.7,.492,.445,0.4,0.5,.722,0.2,0.8,1.0,1.7,0.2,0.1,0.5,1.2,3.6
326,Donovan Mitchell,SG,27,CLE,35,35,35.6,9.7,21.1,.461,3.1,9.1,.344,6.6,12.1,.550,.535,5.1,6.0,.857,1.0,4.5,5.5,6.3,1.9,0.5,2.8,2.2,27.7
327,Evan Mobley,PF,22,CLE,22,22,33.0,6.7,11.6,.576,0.1,0.5,.200,6.6,11.1,.592,.580,2.3,3.0,.769,2.6,7.8,10.4,2.8,0.8,1.6,2.3,2.9,15.7
328,Isaiah Mobley,PF,24,CLE,3,0,4.7,0.7,1.3,.500,0.3,0.7,.500,0.3,0.7,.500,.625,0.0,0.0,,0.0,0.7,0.7,1.3,0.3,0.0,0.3,0.7,1.7
329,Malik Monk,SG,25,SAC,44,0,25.6,4.9,11.3,.432,2.3,6.1,.383,2.5,5.1,.491,.536,2.3,2.8,.816,0.4,2.3,2.6,5.5,0.6,0.6,2.1,1.9,14.4
330,Moses Moody,SG,21,GSW,34,4,18.0,3.1,6.5,.482,1.1,3.1,.358,2.0,3.4,.595,.568,1.3,1.7,.789,1.1,2.0,3.1,0.8,0.7,0.3,0.7,1.4,8.7
331,Xavier Moon,SG,29,LAC,2,0,6.0,0.5,1.0,.500,0.0,0.5,.000,0.5,0.5,1.000,.500,0.0,0.0,,0.0,1.0,1.0,1.5,0.0,0.0,0.5,0.5,1.0
332,Taze Moore,SG,25,POR,3,0,3.3,1.0,1.7,.600,0.0,0.7,.000,1.0,1.0,1.000,.600,0.0,0.0,,0.0,0.0,0.0,0.3,0.3,0.0,0.3,0.7,2.0
333,Wendell Moore Jr.,SG,22,MIN,11,0,2.8,0.3,0.5,.600,0.0,0.2,.000,0.3,0.3,1.000,.600,0.0,0.0,,0.0,0.3,0.3,0.1,0.4,0.1,0.2,0.3,0.5
334,Ja Morant,PG,24,MEM,9,9,35.3,8.9,18.9,.471,1.6,5.7,.275,7.3,13.2,.555,.512,5.8,7.1,.813,0.7,4.9,5.6,8.1,0.8,0.6,3.0,2.1,25.1
335,Marcus Morris,PF,34,PHI,35,6,17.0,2.4,5.4,.442,1.0,2.4,.400,1.4,3.0,.476,.532,0.9,1.0,.861,0.5,2.4,2.9,0.7,0.3,0.3,0.5,1.7,6.7
336,Markieff Morris,PF,34,DAL,16,1,9.4,0.9,2.9,.319,0.6,1.8,.321,0.4,1.2,.316,.415,0.2,0.3,.750,0.3,1.5,1.8,0.7,0.3,0.1,0.6,0.7,2.6
337,Monte Morris,PG,28,DET,3,0,11.0,2.3,5.3,.438,0.7,1.7,.400,1.7,3.7,.455,.500,0.3,0.7,.500,0.0,1.7,1.7,1.7,0.3,0.3,0.3,0.3,5.7
338,Trey Murphy III,SF,23,NOP,22,3,25.8,4.3,10.1,.428,2.5,7.1,.359,1.8,3.0,.591,.554,1.8,2.3,.780,0.5,3.3,3.8,1.9,0.7,0.3,0.5,1.3,13.0
339,Dejounte Murray,SG,27,ATL,45,45,34.8,8.2,17.5,.469,2.4,6.2,.388,5.8,11.4,.513,.537,2.6,3.1,.830,0.7,4.3,5.0,5.1,1.3,0.3,2.2,1.7,21.4
340,Jamal Murray,PG,26,DEN,34,34,31.6,8.0,16.7,.480,2.4,5.7,.410,5.6,10.9,.516,.550,3.0,3.5,.857,0.6,3.2,3.8,6.5,0.8,0.6,2.0,2.0,21.4
Rk,Player,Pos,Age,Tm,G,GS,MP,FG,FGA,FG%,3P,3PA,3P%,2P,2PA,2P%,eFG%,FT,FTA,FT%,ORB,DRB,TRB,AST,STL,BLK,TOV,PF,PTS
341,Keegan Murray,SF,23,SAC,41,41,32.9,6.0,12.9,.462,2.3,6.5,.361,3.6,6.4,.564,.553,1.4,1.8,.787,1.4,4.1,5.5,1.6,1.2,0.6,0.9,2.6,15.7
342,Kris Murray,SF,23,POR,28,0,12.4,1.3,3.5,.371,0.5,1.8,.294,0.8,1.6,.457,.448,0.3,0.4,.667,0.6,1.2,1.8,0.6,0.8,0.2,0.5,0.8,3.4
343,Mike Muscala,C,32,TOT,30,2,14.0,1.4,3.6,.376,0.7,2.2,.313,0.7,1.4,.476,.472,0.5,0.7,.727,0.9,2.2,3.1,0.9,0.2,0.4,0.6,1.3,4.0
343,Mike Muscala,C,32,WAS,24,2,14.1,1.4,3.8,.367,0.6,2.1,.275,0.8,1.6,.487,.444,0.6,0.8,.750,0.9,2.2,3.1,0.9,0.2,0.3,0.7,1.3,4.0
343,Mike Muscala,C,32,DET,6,0,13.5,1.3,3.2,.421,1.2,2.7,.438,0.2,0.5,.333,.605,0.2,0.3,.500,0.8,2.0,2.8,1.0,0.2,0.7,0.2,1.3,4.0
344,Svi Mykhailiuk,SF,26,BOS,21,0,7.7,0.9,2.8,.328,0.7,2.2,.298,0.2,0.5,.455,.448,0.1,0.3,.500,0.2,0.6,0.9,0.3,0.3,0.0,0.3,0.5,2.6
345,Larry Nance Jr.,C,31,NOP,30,0,17.9,2.3,3.9,.581,0.6,1.2,.486,1.7,2.7,.625,.658,0.8,1.0,.800,1.3,3.8,5.1,1.3,1.0,0.4,0.8,1.2,5.9
346,Pete Nance,PF,23,CLE,2,0,2.0,0.0,1.0,.000,0.0,0.0,,0.0,1.0,.000,.000,0.0,0.0,,0.0,0.0,0.0,0.0,0.0,0.0,0.0,0.0,0.0
347,Andrew Nembhard,PG,24,IND,33,15,21.8,3.9,7.9,.492,0.7,2.2,.338,3.2,5.7,.550,.538,0.8,0.9,.806,0.6,1.1,1.7,4.7,0.9,0.1,2.0,2.1,9.2
348,Aaron Nesmith,SF,24,IND,42,17,26.2,4.4,8.5,.515,2.1,4.6,.459,2.3,3.9,.583,.640,1.2,1.7,.708,0.9,2.8,3.7,1.3,1.1,0.7,0.9,3.2,12.1
349,Georges Niang,PF,30,CLE,44,1,22.2,3.5,7.9,.438,1.8,5.0,.365,1.7,3.0,.562,.553,0.7,0.8,.861,0.3,3.5,3.8,1.2,0.3,0.2,0.8,2.3,9.5
350,Daishen Nix,PG,21,MIN,6,0,3.5,0.5,1.3,.375,0.3,0.8,.400,0.2,0.5,.333,.500,0.0,0.3,.000,0.0,0.2,0.2,0.0,0.2,0.0,0.0,0.0,1.3
351,Zeke Nnaji,PF,23,DEN,36,0,9.4,1.1,2.4,.466,0.1,0.4,.313,1.0,2.0,.500,.494,0.7,1.1,.641,1.1,1.0,2.1,0.5,0.3,0.6,0.6,1.5,3.1
352,Jaylen Nowell,SG,24,MEM,9,1,17.3,2.4,6.1,.400,0.4,2.6,.174,2.0,3.6,.563,.436,0.3,0.3,1.000,0.3,1.2,1.6,1.8,0.3,0.0,0.6,1.4,5.7
353,Markquis Nowell,SG,24,TOR,1,0,4.0,0.0,1.0,.000,0.0,0.0,,0.0,1.0,.000,.000,2.0,2.0,1.000,2.0,0.0,2.0,2.0,1.0,0.0,0.0,0.0,2.0
354,Frank Ntilikina,PG,25,CHO,4,0,8.3,0.3,1.3,.200,0.3,1.0,.250,0.0,0.3,.000,.300,0.5,0.5,1.000,0.3,0.5,0.8,0.3,0.0,0.0,0.3,1.0,1.3
355,Jusuf Nurkić,C,29,PHO,44,44,27.4,4.4,8.8,.496,0.5,1.8,.266,3.9,7.0,.555,.523,2.3,3.2,.712,2.6,7.7,10.3,3.5,1.0,1.0,2.0,3.4,11.5
356,Jordan Nwora,SF,25,TOT,21,0,10.8,2.1,4.9,.441,0.7,2.2,.319,1.4,2.6,.545,.515,0.8,0.9,.842,0.6,1.5,2.0,1.2,0.3,0.0,0.7,1.1,5.8
356,Jordan Nwora,SF,25,IND,18,0,10.2,2.1,4.6,.451,0.6,2.0,.306,1.4,2.6,.565,.518,0.5,0.6,.818,0.4,1.4,1.8,1.0,0.3,0.1,0.7,1.1,5.2
356,Jordan Nwora,SF,25,TOR,3,0,14.3,2.7,6.7,.400,1.3,3.7,.364,1.3,3.0,.444,.500,2.3,2.7,.875,1.3,2.0,3.3,2.3,0.3,0.0,1.0,1.7,9.0
357,Royce O'Neale,SF,30,BRK,45,6,24.4,2.5,6.4,.384,1.9,5.2,.362,0.6,1.2,.481,.531,0.3,0.4,.650,0.8,3.8,4.6,2.9,0.7,0.6,1.0,2.4,7.1
358,Chuma Okeke,SF,25,ORL,29,8,12.7,1.2,3.3,.379,0.8,2.4,.310,0.5,0.8,.583,.495,0.1,0.2,.400,0.6,1.8,2.4,0.6,0.2,0.2,0.4,0.6,3.3
359,Josh Okogie,SG,25,PHO,41,11,18.1,1.5,3.9,.399,0.5,1.8,.260,1.1,2.1,.518,.459,1.5,2.1,.721,1.3,1.6,2.9,1.2,0.9,0.5,0.6,1.5,5.0
360,Onyeka Okongwu,C,23,ATL,45,3,24.6,3.6,6.1,.587,0.3,1.1,.280,3.3,5.0,.655,.612,1.7,2.1,.809,2.5,4.2,6.7,1.4,0.4,1.0,0.9,3.0,9.2
Rk,Player,Pos,Age,Tm,G,GS,MP,FG,FGA,FG%,3P,3PA,3P%,2P,2PA,2P%,eFG%,FT,FTA,FT%,ORB,DRB,TRB,AST,STL,BLK,TOV,PF,PTS
361,Isaac Okoro,SF,23,CLE,35,24,26.4,3.2,6.5,.487,0.9,2.5,.375,2.2,4.0,.557,.559,1.5,2.3,.675,1.3,1.9,3.2,2.0,0.8,0.4,0.8,2.2,8.8
362,Kelly Olynyk,C,32,UTA,46,8,20.5,3.0,5.2,.567,0.7,1.7,.430,2.2,3.5,.634,.638,1.5,1.7,.838,1.3,3.8,5.1,4.3,0.8,0.3,1.7,2.7,8.1
363,Eugene Omoruyi,SF,26,WAS,19,0,5.8,1.7,2.9,.582,0.3,0.9,.294,1.4,2.0,.711,.627,0.8,1.1,.762,0.6,0.9,1.5,0.6,0.5,0.1,0.5,1.1,4.5
364,Cedi Osman,SF,28,SAS,47,1,18.0,2.8,5.7,.489,1.2,3.1,.374,1.6,2.6,.628,.591,0.7,1.0,.674,0.4,2.2,2.6,1.8,0.5,0.1,0.6,1.5,7.4
365,Kelly Oubre Jr.,SF,28,PHI,33,22,27.5,5.0,10.5,.474,1.5,4.4,.342,3.5,6.1,.570,.546,1.8,2.4,.725,1.0,3.2,4.2,1.1,1.2,0.5,0.9,2.8,13.2
366,Chris Paul,PG,38,GSW,32,11,27.6,3.3,7.7,.424,1.3,3.7,.361,1.9,3.9,.484,.512,1.1,1.3,.833,0.3,3.5,3.8,7.2,1.1,0.1,1.2,1.8,8.9
367,Cameron Payne,PG,29,MIL,43,2,15.1,2.2,4.7,.471,1.2,2.8,.410,1.1,1.9,.561,.593,0.8,0.9,.875,0.1,1.1,1.2,2.3,0.4,0.1,0.7,1.6,6.4
368,Gary Payton II,SG,31,GSW,16,0,16.3,2.3,4.9,.456,0.6,2.0,.281,1.7,2.9,.574,.513,0.4,0.6,.667,1.0,2.0,3.0,0.8,1.1,0.3,0.6,1.8,5.4
369,Drew Peterson,PF,24,BOS,1,0,3.0,1.0,1.0,1.000,1.0,1.0,1.000,0.0,0.0,,1.500,0.0,0.0,,0.0,0.0,0.0,1.0,0.0,0.0,0.0,1.0,3.0
370,Filip Petrušev,C,23,TOT,3,0,3.3,0.3,0.7,.500,0.0,0.0,,0.3,0.7,.500,.500,0.3,0.7,.500,0.0,0.3,0.3,0.0,0.0,0.0,0.0,0.3,1.0
370,Filip Petrušev,C,23,PHI,1,0,3.0,0.0,0.0,,0.0,0.0,,0.0,0.0,,,0.0,0.0,,0.0,1.0,1.0,0.0,0.0,0.0,0.0,0.0,0.0
370,Filip Petrušev,C,23,SAC,2,0,3.5,0.5,1.0,.500,0.0,0.0,,0.5,1.0,.500,.500,0.5,1.0,.500,0.0,0.0,0.0,0.0,0.0,0.0,0.0,0.5,1.5
371,Julian Phillips,SF,20,CHI,23,0,5.3,0.5,1.3,.387,0.1,0.7,.133,0.4,0.7,.625,.419,0.1,0.3,.375,0.2,0.4,0.6,0.3,0.0,0.2,0.1,0.7,1.3
372,Jalen Pickett,SG,24,DEN,16,0,6.1,0.8,1.8,.429,0.4,1.3,.350,0.3,0.5,.625,.554,0.1,0.1,1.000,0.1,0.6,0.7,0.8,0.2,0.0,0.4,0.5,2.1
373,Scotty Pippen Jr.,PG,23,MEM,4,1,19.5,2.5,5.5,.455,1.0,1.8,.571,1.5,3.8,.400,.545,2.5,3.5,.714,0.8,2.3,3.0,4.0,0.8,0.3,2.3,1.8,8.5
374,Mason Plumlee,C,33,LAC,15,6,17.4,2.3,3.5,.673,0.0,0.0,,2.3,3.5,.673,.673,1.5,2.5,.605,1.3,4.0,5.3,1.1,0.3,0.4,0.5,1.3,6.2
375,Brandin Podziemski,SG,20,GSW,37,10,24.6,3.6,7.9,.462,1.3,3.3,.388,2.4,4.6,.515,.543,0.6,1.0,.622,1.5,3.9,5.4,3.2,0.9,0.1,1.2,1.9,9.2
376,Jakob Poeltl,C,28,TOR,36,36,26.5,4.7,6.9,.685,0.0,0.0,,4.7,6.9,.685,.685,1.2,2.2,.532,2.8,5.6,8.3,2.5,0.7,1.4,1.6,2.9,10.6
377,Aleksej Pokusevski,PF,22,OKC,8,0,6.0,0.4,1.6,.231,0.1,1.1,.111,0.3,0.5,.500,.269,0.1,0.3,.500,0.3,0.9,1.1,0.6,0.0,0.1,0.4,0.6,1.0
378,Jordan Poole,SG,24,WAS,45,45,29.2,5.9,14.3,.414,2.0,6.3,.312,4.0,8.0,.493,.482,2.7,3.1,.871,0.4,1.8,2.2,3.4,1.0,0.4,2.2,3.0,16.5
379,Craig Porter Jr.,PG,23,CLE,29,5,15.9,2.9,5.7,.512,0.2,0.7,.333,2.7,4.9,.538,.534,1.1,1.6,.696,0.5,2.2,2.7,3.1,0.6,0.4,1.1,1.0,7.1
380,Jontay Porter,PF,24,TOR,13,5,15.0,1.7,4.7,.361,0.8,2.5,.333,0.8,2.2,.393,.451,0.8,0.9,.917,1.1,2.5,3.6,2.2,0.8,0.8,0.6,1.8,5.1
Rk,Player,Pos,Age,Tm,G,GS,MP,FG,FGA,FG%,3P,3PA,3P%,2P,2PA,2P%,eFG%,FT,FTA,FT%,ORB,DRB,TRB,AST,STL,BLK,TOV,PF,PTS
381,Michael Porter Jr.,SF,25,DEN,48,48,31.4,6.1,12.8,.478,2.7,6.8,.398,3.4,6.1,.567,.583,1.0,1.3,.770,1.3,5.8,7.0,1.3,0.5,0.7,1.1,2.0,15.9
382,Otto Porter Jr.,SF,30,TOR,15,1,11.6,0.9,2.2,.424,0.5,1.5,.348,0.4,0.7,.600,.545,0.2,0.2,1.000,0.4,1.5,1.9,0.5,0.3,0.3,0.1,1.3,2.6
383,Bobby Portis,PF,28,MIL,47,0,23.3,5.0,10.0,.497,1.1,2.9,.377,3.9,7.0,.547,.552,1.3,1.7,.775,1.5,5.3,6.8,1.0,0.7,0.4,0.9,2.5,12.3
384,Kristaps Porziņģis,C,28,BOS,33,33,29.7,6.5,12.2,.529,1.8,5.1,.359,4.6,7.2,.648,.603,4.8,5.7,.840,1.6,5.1,6.7,2.0,0.7,1.8,1.6,2.9,19.5
385,Micah Potter,PF,25,UTA,2,0,3.5,0.0,0.5,.000,0.0,0.5,.000,0.0,0.0,,.000,0.0,0.0,,0.0,2.0,2.0,0.0,0.0,0.0,0.0,0.0,0.0
386,Dwight Powell,C,32,DAL,40,8,15.6,1.5,2.2,.709,0.0,0.1,.500,1.5,2.1,.714,.715,1.4,1.8,.753,1.8,2.1,3.9,1.7,0.6,0.4,0.5,2.1,4.5
387,Norman Powell,SG,30,LAC,45,0,25.4,4.7,9.5,.494,2.0,4.6,.447,2.7,5.0,.538,.601,2.0,2.3,.856,0.1,2.4,2.5,1.0,0.6,0.4,0.9,1.8,13.4
388,Joshua Primo,SG,21,LAC,1,0,5.0,1.0,2.0,.500,0.0,1.0,.000,1.0,1.0,1.000,.500,0.0,0.0,,0.0,0.0,0.0,0.0,0.0,1.0,3.0,0.0,2.0
389,Taurean Prince,PF,29,LAL,45,45,30.4,3.4,8.0,.425,2.1,5.4,.387,1.3,2.6,.504,.555,0.6,0.9,.744,0.2,2.6,2.9,1.8,0.9,0.5,0.9,2.3,9.6
390,Payton Pritchard,PG,26,BOS,47,0,21.1,2.8,6.7,.425,1.7,4.4,.378,1.1,2.2,.519,.551,0.6,0.7,.794,0.9,2.3,3.2,2.9,0.4,0.1,0.6,1.3,7.9
391,Olivier-Maxence Prosper,PF,21,DAL,24,0,9.1,0.9,2.6,.349,0.3,1.3,.258,0.6,1.3,.438,.413,0.8,1.1,.704,0.6,1.5,2.2,0.8,0.1,0.1,0.2,0.7,3.0
392,Trevelin Queen,SG,26,ORL,12,0,12.9,1.2,3.0,.389,0.3,1.3,.188,0.9,1.7,.550,.431,0.8,1.0,.750,0.3,1.3,1.5,1.5,0.6,0.4,0.6,1.2,3.3
393,Neemias Queta,C,24,BOS,19,0,12.3,1.9,3.3,.581,0.0,0.0,,1.9,3.3,.581,.581,0.7,0.9,.778,1.8,2.5,4.3,0.5,0.4,0.6,0.4,2.1,4.5
394,Immanuel Quickley,SG-PG,24,TOT,42,12,26.2,5.2,11.9,.440,2.3,5.6,.410,2.9,6.3,.466,.536,2.8,3.2,.866,0.2,2.9,3.1,3.5,0.6,0.1,1.1,1.6,15.5
394,Immanuel Quickley,SG,24,NYK,30,0,24.0,5.1,11.2,.454,2.1,5.4,.395,2.9,5.8,.509,.549,2.7,3.1,.872,0.2,2.4,2.6,2.5,0.5,0.1,1.0,1.5,15.0
394,Immanuel Quickley,PG,24,TOR,12,12,31.8,5.6,13.6,.411,2.7,6.0,.444,2.9,7.6,.385,.509,2.8,3.3,.850,0.3,4.3,4.6,6.1,0.8,0.2,1.4,2.0,16.7
395,Lester Quinones,SG,23,GSW,9,0,6.3,1.0,2.6,.391,0.6,1.4,.385,0.4,1.1,.400,.500,0.1,0.2,.500,0.4,0.9,1.3,0.6,0.1,0.1,0.6,0.7,2.7
396,Julius Randle,PF,29,NYK,46,46,35.4,8.6,18.2,.472,1.7,5.3,.311,6.9,12.9,.539,.518,5.1,6.6,.781,2.2,7.0,9.2,5.0,0.5,0.3,3.5,2.7,24.0
397,Duop Reath,C,27,POR,35,11,17.7,3.3,7.1,.470,1.3,3.7,.364,2.0,3.4,.583,.564,1.0,1.3,.783,1.4,2.5,3.9,1.2,0.5,0.5,0.7,2.5,9.1
398,Austin Reaves,SG,25,LAL,48,23,30.5,5.2,10.7,.484,1.5,4.5,.343,3.6,6.2,.587,.556,3.0,3.4,.873,0.8,3.3,4.0,5.2,0.9,0.1,2.1,1.8,14.9
399,Cam Reddish,SF,24,LAL,35,26,23.3,2.4,5.9,.405,0.9,2.7,.337,1.5,3.1,.464,.483,1.0,1.3,.783,0.5,1.9,2.4,1.3,1.2,0.3,0.9,1.6,6.7
400,Paul Reed,C,24,PHI,45,10,16.2,2.8,4.9,.564,0.2,0.6,.385,2.5,4.3,.588,.586,0.6,0.8,.703,2.0,3.0,5.0,1.2,0.7,0.7,0.8,2.3,6.3
Rk,Player,Pos,Age,Tm,G,GS,MP,FG,FGA,FG%,3P,3PA,3P%,2P,2PA,2P%,eFG%,FT,FTA,FT%,ORB,DRB,TRB,AST,STL,BLK,TOV,PF,PTS
401,Naz Reid,C,24,MIN,47,0,22.3,4.7,9.5,.489,2.0,4.7,.413,2.7,4.8,.564,.592,1.1,1.4,.785,0.9,3.6,4.5,1.1,0.7,0.7,1.3,2.0,12.4
402,Jared Rhoden,SG,24,DET,5,0,6.0,1.0,1.8,.556,0.2,0.8,.250,0.8,1.0,.800,.611,0.4,0.4,1.000,0.2,0.6,0.8,0.6,0.0,0.0,0.4,0.8,2.6
403,Nick Richards,C,26,CHO,36,23,25.1,3.7,5.4,.687,0.0,0.0,,3.7,5.4,.687,.687,2.1,2.9,.738,2.7,5.1,7.8,0.8,0.3,1.4,1.0,2.7,9.6
404,Josh Richardson,SG,30,MIA,37,5,25.9,3.5,8.0,.434,1.4,4.2,.338,2.0,3.7,.543,.524,1.3,1.4,.940,0.4,2.3,2.7,2.5,0.6,0.4,0.9,1.7,9.6
405,Duncan Robinson,SF,29,MIA,45,17,27.5,4.6,10.1,.452,2.8,6.8,.404,1.8,3.3,.550,.588,1.3,1.5,.879,0.2,2.2,2.5,2.8,0.6,0.2,1.4,2.3,13.2
406,Jerome Robinson,SG,26,GSW,7,0,3.7,0.0,1.3,.000,0.0,0.7,.000,0.0,0.6,.000,.000,0.6,0.9,.667,0.1,0.3,0.4,0.3,0.0,0.1,0.0,0.1,0.6
407,Mitchell Robinson,C,25,NYK,21,21,29.2,2.8,4.7,.592,0.0,0.0,,2.8,4.7,.592,.592,0.7,1.8,.368,5.3,5.0,10.3,0.7,1.5,1.3,1.0,1.9,6.2
408,Orlando Robinson,C,23,MIA,20,7,11.5,1.6,3.0,.517,0.4,0.6,.583,1.2,2.4,.500,.575,0.7,1.0,.700,1.0,2.2,3.1,1.4,0.3,0.4,0.7,1.5,4.2
409,Jeremiah Robinson-Earl,PF,23,NOP,19,1,10.8,1.6,3.0,.526,0.4,1.1,.381,1.2,1.9,.611,.596,0.5,0.6,.909,0.7,1.8,2.5,0.5,0.4,0.2,0.5,0.7,4.1
410,David Roddy,PF,22,MEM,44,12,23.0,3.1,7.7,.404,1.0,3.2,.305,2.1,4.5,.474,.467,0.9,1.3,.707,1.1,3.0,4.2,1.5,0.5,0.3,1.0,1.4,8.1
411,Ryan Rollins,PG,21,WAS,10,0,6.6,1.3,2.5,.520,0.2,0.3,.667,1.1,2.2,.500,.560,1.3,1.7,.765,0.2,0.9,1.1,1.1,0.8,0.3,0.7,0.7,4.1
412,Derrick Rose,PG,35,MEM,17,7,17.9,3.3,7.5,.438,0.6,1.9,.333,2.6,5.6,.474,.480,1.1,1.2,.905,0.4,1.4,1.8,3.4,0.4,0.1,1.3,1.1,8.4
413,Terry Rozier,SG-PG,29,TOT,34,33,34.8,7.9,17.5,.453,2.6,7.3,.357,5.3,10.2,.522,.528,3.4,3.9,.851,0.6,3.3,3.8,6.4,1.0,0.4,2.1,1.7,21.9
413,Terry Rozier,SG,29,CHO,30,30,35.5,8.4,18.3,.459,2.8,7.7,.358,5.6,10.6,.533,.535,3.6,4.3,.845,0.6,3.3,3.9,6.6,1.1,0.4,2.2,1.7,23.2
413,Terry Rozier,PG,29,MIA,4,3,29.5,4.5,11.8,.383,1.5,4.3,.353,3.0,7.5,.400,.447,1.3,1.3,1.000,0.5,2.8,3.3,4.5,0.8,0.3,1.5,1.8,11.8
414,Rayan Rupert,SG,19,POR,16,0,7.4,0.9,2.7,.349,0.4,1.1,.412,0.5,1.6,.308,.430,0.3,0.5,.625,0.4,0.9,1.3,0.7,0.2,0.0,0.4,0.4,2.6
415,D'Angelo Russell,PG,27,LAL,44,37,30.8,6.4,13.4,.478,2.6,6.2,.421,3.8,7.3,.527,.575,1.8,2.3,.794,0.4,2.3,2.6,6.1,0.8,0.5,2.0,2.0,17.3
416,Matt Ryan,SF,26,NOP,13,1,22.9,2.9,6.4,.458,2.5,5.2,.471,0.5,1.2,.400,.651,1.0,1.1,.929,0.4,1.9,2.3,1.1,0.4,0.1,1.2,1.8,9.3
417,Domantas Sabonis,C,27,SAC,45,45,35.4,8.0,13.0,.619,0.5,1.1,.440,7.5,11.8,.636,.638,3.4,4.9,.680,3.2,9.7,13.0,7.9,0.8,0.5,3.3,3.3,19.9
418,Luka Šamanić,PF,24,UTA,22,0,6.1,1.0,2.6,.386,0.2,1.0,.238,0.8,1.6,.472,.430,0.6,0.8,.824,0.3,1.5,1.8,0.2,0.0,0.1,0.4,0.6,2.9
419,Jermaine Samuels,SF,25,HOU,8,0,5.5,0.6,1.0,.625,0.0,0.3,.000,0.6,0.8,.833,.625,0.3,0.3,1.000,0.3,1.0,1.3,0.3,0.1,0.1,0.0,0.4,1.5
420,Adama Sanogo,PF,21,CHI,3,0,3.7,1.0,1.0,1.000,0.0,0.0,,1.0,1.0,1.000,1.000,0.7,1.0,.667,0.7,1.3,2.0,0.0,0.0,0.0,0.3,0.0,2.7
Rk,Player,Pos,Age,Tm,G,GS,MP,FG,FGA,FG%,3P,3PA,3P%,2P,2PA,2P%,eFG%,FT,FTA,FT%,ORB,DRB,TRB,AST,STL,BLK,TOV,PF,PTS
421,Gui Santos,PF,21,GSW,6,0,5.8,0.7,1.8,.364,0.2,1.0,.167,0.5,0.8,.600,.409,1.0,1.0,1.000,0.8,1.2,2.0,0.3,0.0,0.0,0.3,0.5,2.5
422,Dario Šarić,C,29,GSW,43,9,20.6,3.6,7.5,.484,1.6,3.8,.415,2.0,3.7,.557,.590,1.6,1.9,.850,1.4,4.1,5.5,2.5,0.6,0.2,1.3,2.2,10.4
423,Olivier Sarr,C,24,OKC,10,0,7.3,0.6,1.2,.500,0.2,0.5,.400,0.4,0.7,.571,.583,0.6,0.8,.750,0.7,2.0,2.7,0.2,0.0,0.5,0.2,1.5,2.0
424,Marcus Sasser,PG,23,DET,41,0,15.5,2.8,5.9,.471,1.0,2.6,.400,1.7,3.3,.526,.558,0.7,0.8,.906,0.1,1.4,1.6,2.7,0.5,0.2,0.9,1.3,7.2
425,Admiral Schofield,PF,26,ORL,12,0,3.8,0.4,1.3,.333,0.2,0.8,.222,0.3,0.5,.500,.400,0.0,0.2,.000,0.1,0.5,0.6,0.3,0.0,0.0,0.3,0.6,1.0
426,Dennis Schröder,PG,30,TOR,46,32,30.9,5.0,11.1,.450,1.5,4.3,.355,3.4,6.7,.511,.520,2.4,2.8,.853,0.4,2.3,2.7,6.3,0.9,0.1,1.6,2.2,13.9
427,Dereon Seabron,SG,23,NOP,5,0,10.4,0.8,2.6,.308,0.2,0.4,.500,0.6,2.2,.273,.346,1.0,1.2,.833,0.2,1.2,1.4,0.8,0.4,0.2,0.0,0.8,2.8
428,Alperen Şengün,C,21,HOU,46,46,32.7,8.7,16.0,.543,0.6,2.0,.283,8.2,14.0,.580,.561,3.9,5.5,.718,2.7,6.5,9.2,5.1,1.2,0.7,2.7,3.3,21.9
429,Brice Sensabaugh,SF,20,UTA,4,0,3.0,0.5,1.5,.333,0.3,0.5,.500,0.3,1.0,.250,.417,0.0,0.0,,0.3,0.5,0.8,0.5,0.0,0.0,0.0,0.3,1.3
430,Collin Sexton,SG,25,UTA,48,25,24.2,5.9,12.2,.482,1.5,3.9,.378,4.4,8.3,.531,.543,4.0,4.6,.881,0.9,1.8,2.6,4.4,0.7,0.2,1.8,2.0,17.3
431,Landry Shamet,SG,26,WAS,30,0,15.0,2.8,6.1,.451,1.3,3.4,.382,1.5,2.7,.537,.557,0.9,1.2,.778,0.3,1.0,1.3,1.4,0.5,0.2,0.6,1.7,7.8
432,Day'Ron Sharpe,C,22,BRK,37,1,16.0,3.0,5.2,.575,0.0,0.2,.143,3.0,5.0,.591,.578,1.5,2.4,.614,2.8,4.2,7.0,1.4,0.5,0.9,1.0,2.3,7.5
433,Shaedon Sharpe,SG,20,POR,32,25,33.1,5.5,13.6,.406,1.9,5.6,.333,3.6,7.9,.457,.475,3.1,3.7,.824,1.3,3.7,5.0,2.9,0.9,0.4,2.3,2.8,15.9
434,Ben Sheppard,SG,22,IND,25,0,10.3,1.1,3.0,.365,0.6,1.9,.298,0.5,1.1,.481,.459,0.4,0.5,.750,0.3,0.9,1.2,0.9,0.5,0.0,0.1,1.3,3.1
435,Pascal Siakam,PF,29,TOT,45,45,34.4,8.4,15.9,.529,1.1,3.5,.323,7.3,12.4,.587,.564,4.1,5.5,.747,1.4,5.0,6.5,5.0,0.8,0.2,2.1,2.4,22.1
435,Pascal Siakam,PF,29,TOR,39,39,34.7,8.3,16.0,.522,1.2,3.7,.317,7.2,12.3,.584,.559,4.3,5.7,.758,1.4,4.9,6.3,4.9,0.8,0.3,2.1,2.2,22.2
435,Pascal Siakam,PF,29,IND,6,6,32.5,8.8,15.3,.576,0.8,2.2,.385,8.0,13.2,.608,.603,2.8,4.3,.654,1.8,5.8,7.7,5.7,0.8,0.0,1.7,3.2,21.3
436,Ben Simmons,PG,27,BRK,7,6,29.9,3.4,5.9,.585,0.0,0.0,,3.4,5.9,.585,.585,0.1,0.6,.250,3.0,7.4,10.4,7.3,0.6,0.9,2.1,2.7,7.0
437,Anfernee Simons,SG,24,POR,25,25,33.4,7.9,18.1,.435,3.3,8.6,.384,4.6,9.5,.481,.526,3.8,4.2,.904,0.6,2.9,3.5,5.2,0.4,0.2,2.5,2.2,22.8
438,Jericho Sims,C,25,NYK,23,7,8.5,0.7,1.0,.739,0.0,0.0,,0.7,1.0,.739,.739,0.2,0.3,.571,0.5,1.4,2.0,0.3,0.1,0.3,0.3,0.9,1.7
439,Dmytro Skapintsev,C,25,NYK,2,0,1.0,0.0,0.5,.000,0.0,0.0,,0.0,0.5,.000,.000,0.0,0.0,,0.0,0.0,0.0,0.0,0.0,0.0,0.0,0.0,0.0
440,Jalen Slawson,SF,24,SAC,5,0,3.8,0.4,0.6,.667,0.0,0.2,.000,0.4,0.4,1.000,.667,0.0,0.0,,0.0,0.8,0.8,0.4,0.0,0.2,0.4,0.6,0.8
Rk,Player,Pos,Age,Tm,G,GS,MP,FG,FGA,FG%,3P,3PA,3P%,2P,2PA,2P%,eFG%,FT,FTA,FT%,ORB,DRB,TRB,AST,STL,BLK,TOV,PF,PTS
441,Javonte Smart,PG,24,PHI,1,0,1.0,0.0,0.0,,0.0,0.0,,0.0,0.0,,,0.0,0.0,,0.0,0.0,0.0,0.0,0.0,0.0,0.0,0.0,0.0
442,Marcus Smart,PG,29,MEM,20,20,30.3,5.1,11.9,.430,2.1,6.7,.313,3.0,5.2,.583,.519,2.2,2.8,.768,0.3,2.4,2.7,4.3,2.1,0.3,3.1,2.7,14.5
443,Dennis Smith Jr.,PG,26,BRK,31,1,19.6,2.9,6.7,.435,0.5,1.9,.271,2.4,4.8,.500,.473,0.9,1.2,.806,1.0,2.3,3.3,4.1,1.2,0.2,1.3,2.4,7.3
444,Dru Smith,SG,26,MIA,9,0,14.6,1.7,3.7,.455,0.8,1.9,.412,0.9,1.8,.500,.561,0.2,0.2,1.000,0.7,0.9,1.6,1.6,1.0,0.3,0.6,1.3,4.3
445,Ish Smith,PG,35,CHO,38,3,16.7,1.6,3.5,.440,0.1,0.2,.333,1.5,3.4,.445,.448,0.1,0.1,.750,0.3,1.5,1.8,3.3,0.3,0.1,1.1,1.1,3.2
446,Jabari Smith Jr.,PF,20,HOU,41,41,31.8,5.1,10.7,.478,1.7,4.5,.383,3.4,6.2,.547,.558,1.9,2.3,.809,2.0,6.8,8.7,1.5,0.6,0.8,1.2,2.9,13.8
447,Jalen Smith,C,23,IND,33,13,18.0,4.1,6.5,.628,1.2,2.4,.487,2.9,4.2,.708,.716,1.2,1.8,.695,1.6,4.0,5.6,1.1,0.2,0.6,0.9,2.4,10.6
448,Nick Smith Jr.,SG,19,CHO,30,0,15.2,2.5,5.8,.428,1.4,2.9,.471,1.1,2.9,.384,.546,0.1,0.1,.750,0.5,1.0,1.5,1.1,0.1,0.2,0.9,1.1,6.4
449,Terquavion Smith,PG,21,PHI,5,0,4.8,0.6,2.6,.231,0.6,2.0,.300,0.0,0.6,.000,.346,0.4,0.4,1.000,0.0,0.0,0.0,1.2,0.8,0.0,0.4,0.2,2.2
450,Jeremy Sochan,PF,20,SAS,47,46,29.4,4.4,10.1,.439,1.0,2.8,.374,3.4,7.3,.464,.491,1.6,2.0,.789,1.7,4.1,5.8,3.8,0.7,0.4,1.9,2.3,11.5
451,Jaden Springer,SG,21,PHI,27,0,9.9,1.1,3.1,.369,0.2,1.0,.231,0.9,2.1,.431,.405,0.7,1.0,.769,0.7,0.7,1.4,0.9,0.5,0.4,0.8,1.4,3.3
452,Lamar Stevens,PF,26,BOS,18,1,6.4,1.1,2.3,.463,0.1,0.4,.286,0.9,1.9,.500,.488,0.4,0.6,.727,0.6,1.0,1.6,0.4,0.3,0.3,0.5,0.7,2.7
453,Isaiah Stewart,PF,22,DET,35,34,30.6,4.1,8.6,.470,1.4,3.7,.374,2.7,4.9,.544,.551,1.5,2.0,.746,1.8,5.0,6.8,1.7,0.4,0.8,1.5,2.5,11.0
454,Julian Strawther,SF,21,DEN,33,0,13.9,2.2,5.6,.384,1.1,3.5,.322,1.0,2.1,.486,.484,0.5,0.7,.696,0.1,1.4,1.5,1.1,0.5,0.2,0.5,1.4,5.9
455,Max Strus,SF,27,CLE,44,44,33.1,4.6,11.3,.405,2.5,7.5,.338,2.0,3.8,.536,.517,1.1,1.4,.817,0.8,4.2,5.0,3.8,0.9,0.5,1.6,2.7,12.8
456,Jalen Suggs,SG,22,ORL,43,43,26.3,4.4,9.8,.452,2.0,5.2,.386,2.4,4.7,.525,.553,1.6,2.0,.773,0.7,2.6,3.3,2.3,1.3,0.6,1.9,2.9,12.5
457,Cole Swider,SF,24,MIA,9,0,4.9,1.0,2.3,.429,0.6,1.7,.333,0.4,0.7,.667,.548,0.0,0.0,,0.1,0.1,0.2,0.3,0.1,0.1,0.3,0.2,2.6
458,Jae'Sean Tate,SF,28,HOU,43,9,18.4,1.9,4.0,.476,0.4,1.5,.292,1.4,2.4,.590,.532,0.5,0.7,.714,1.0,2.4,3.4,1.1,0.7,0.2,0.5,2.5,4.7
459,Jayson Tatum,PF,25,BOS,44,44,35.8,9.0,19.2,.470,3.0,8.2,.361,6.1,11.0,.551,.547,5.9,7.2,.814,0.9,7.6,8.5,4.4,1.0,0.5,2.6,2.0,26.9
460,Terry Taylor,PF,24,CHI,16,0,6.8,0.8,1.4,.591,0.0,0.3,.000,0.8,1.1,.765,.591,0.1,0.1,1.000,0.8,0.5,1.3,0.3,0.2,0.1,0.4,0.8,1.7
Rk,Player,Pos,Age,Tm,G,GS,MP,FG,FGA,FG%,3P,3PA,3P%,2P,2PA,2P%,eFG%,FT,FTA,FT%,ORB,DRB,TRB,AST,STL,BLK,TOV,PF,PTS
461,Garrett Temple,SG,37,TOR,12,0,3.9,0.5,1.2,.429,0.2,0.5,.333,0.3,0.7,.500,.500,0.3,0.3,1.000,0.3,0.4,0.8,0.5,0.2,0.0,0.3,0.3,1.5
462,Dalen Terry,SG,21,CHI,31,1,9.8,0.7,2.0,.365,0.3,1.2,.216,0.5,0.8,.577,.429,0.5,0.7,.727,0.3,1.2,1.5,1.2,0.3,0.3,0.5,1.2,2.3
463,Daniel Theis,C,31,TOT,35,1,17.2,2.7,4.9,.538,0.4,1.0,.417,2.2,3.9,.569,.581,0.8,1.1,.718,1.6,2.1,3.7,1.0,0.5,0.9,0.7,2.4,6.5
463,Daniel Theis,C,31,IND,1,0,8.0,1.0,4.0,.250,0.0,1.0,.000,1.0,3.0,.333,.250,0.0,0.0,,0.0,0.0,0.0,0.0,0.0,0.0,0.0,1.0,2.0
463,Daniel Theis,C,31,LAC,34,1,17.5,2.7,5.0,.544,0.4,1.0,.429,2.3,3.9,.575,.589,0.8,1.1,.718,1.6,2.2,3.8,1.1,0.5,0.9,0.7,2.4,6.7
464,Cam Thomas,SG,22,BRK,37,22,28.8,7.6,17.1,.445,1.9,5.4,.360,5.6,11.6,.485,.502,3.9,4.8,.825,0.2,2.5,2.7,2.3,0.6,0.3,1.8,1.9,21.1
465,Amen Thompson,SF,21,HOU,27,1,16.3,2.4,5.0,.471,0.2,1.2,.182,2.1,3.8,.563,.493,1.3,1.9,.680,1.0,3.2,4.3,2.2,1.0,0.4,1.3,2.0,6.2
466,Ausar Thompson,SF,21,DET,46,24,23.6,3.4,7.3,.470,0.2,1.6,.147,3.2,5.7,.563,.487,1.2,1.8,.647,2.1,4.5,6.6,1.9,0.9,0.9,1.3,2.9,8.3
467,Klay Thompson,SF,33,GSW,42,42,30.9,6.1,14.5,.421,3.4,8.8,.385,2.7,5.7,.477,.539,1.9,2.1,.910,0.5,2.9,3.4,2.4,0.5,0.5,1.7,2.0,17.6
468,Tristan Thompson,PF,32,CLE,36,0,12.4,1.7,2.6,.649,0.0,0.0,.000,1.7,2.6,.656,.649,0.4,1.2,.310,1.6,2.3,3.9,1.1,0.2,0.3,0.6,1.4,3.8
469,JT Thor,PF,21,CHO,38,1,14.0,1.3,3.5,.358,0.5,1.6,.322,0.8,2.0,.387,.429,0.2,0.3,.538,1.0,1.6,2.6,0.4,0.2,0.4,0.3,1.0,3.2
470,Matisse Thybulle,SF,26,POR,45,15,22.8,2.0,4.7,.422,1.4,3.7,.367,0.6,1.0,.622,.566,0.3,0.4,.813,0.4,1.5,2.0,1.2,1.6,0.8,0.6,1.4,5.6
471,Xavier Tillman Sr.,C,25,MEM,34,13,20.6,2.6,6.3,.408,0.4,1.6,.226,2.2,4.7,.469,.437,0.5,1.3,.419,1.6,3.0,4.6,1.7,1.2,1.0,0.9,1.8,6.0
472,Jacob Toppin,SF,23,NYK,3,0,1.3,0.0,0.0,,0.0,0.0,,0.0,0.0,,,0.0,0.0,,0.0,0.0,0.0,0.3,0.0,0.3,0.0,0.0,0.0
473,Obi Toppin,PF,25,IND,47,28,23.2,4.4,7.7,.579,1.3,3.2,.393,3.2,4.5,.711,.661,1.1,1.4,.761,1.1,2.9,4.0,1.6,0.5,0.5,0.8,2.1,11.2
474,Juan Toscano-Anderson,SF,30,SAC,11,0,4.8,0.3,1.1,.250,0.1,0.4,.250,0.2,0.7,.250,.292,0.0,0.0,,0.4,0.9,1.3,0.4,0.1,0.1,0.2,1.0,0.6
475,Karl-Anthony Towns,PF,28,MIN,46,46,33.3,8.1,15.7,.518,2.2,5.0,.437,5.9,10.7,.556,.588,4.2,4.8,.878,1.4,7.3,8.7,3.1,0.7,0.6,2.9,3.3,22.6
476,Gary Trent Jr.,SG,25,TOR,41,11,25.9,4.3,10.1,.425,2.4,5.7,.418,2.0,4.5,.435,.542,0.7,1.0,.651,0.2,1.8,2.1,1.6,0.8,0.1,0.6,1.3,11.7
477,Oscar Tshiebwe,PF,24,IND,6,0,5.7,1.3,2.7,.500,0.0,0.0,,1.3,2.7,.500,.500,0.8,1.0,.833,1.0,1.0,2.0,0.3,0.3,0.0,0.0,0.2,3.5
478,P.J. Tucker,PF,38,TOT,15,3,15.9,0.4,1.3,.316,0.3,1.1,.313,0.1,0.2,.333,.447,0.2,0.2,1.000,1.1,1.8,2.9,0.5,0.6,0.2,0.3,2.3,1.3
478,P.J. Tucker,PF,38,PHI,3,3,22.0,0.7,1.7,.400,0.7,1.7,.400,0.0,0.0,,.600,0.0,0.0,,0.3,4.3,4.7,0.0,1.0,0.7,0.7,3.0,2.0
478,P.J. Tucker,PF,38,LAC,12,0,14.4,0.3,1.2,.286,0.3,0.9,.273,0.1,0.3,.333,.393,0.3,0.3,1.000,1.3,1.2,2.4,0.7,0.5,0.1,0.2,2.2,1.2
479,Myles Turner,C,27,IND,45,45,27.4,6.2,11.8,.524,1.4,4.1,.339,4.8,7.8,.622,.583,3.4,4.3,.803,1.7,5.3,7.0,1.3,0.5,1.9,1.5,3.1,17.2
480,Hunter Tyson,PF,23,DEN,9,0,3.0,0.1,0.8,.143,0.0,0.7,.000,0.1,0.1,1.000,.143,0.0,0.0,,0.0,0.7,0.7,0.1,0.0,0.0,0.2,0.7,0.2
Rk,Player,Pos,Age,Tm,G,GS,MP,FG,FGA,FG%,3P,3PA,3P%,2P,2PA,2P%,eFG%,FT,FTA,FT%,ORB,DRB,TRB,AST,STL,BLK,TOV,PF,PTS
481,Stanley Umude,SG,24,DET,15,0,10.3,1.3,2.9,.455,0.9,1.8,.519,0.4,1.1,.353,.614,1.4,1.5,.913,0.2,1.7,1.9,0.5,0.3,0.3,0.7,1.6,5.0
482,Jonas Valančiūnas,C,31,NOP,47,47,26.1,5.4,9.6,.565,0.6,1.8,.349,4.8,7.8,.616,.599,2.4,3.0,.806,2.6,7.0,9.6,2.3,0.5,1.1,1.4,3.0,13.9
483,Jarred Vanderbilt,PF,24,LAL,27,5,20.0,1.9,3.7,.495,0.2,0.9,.250,1.6,2.9,.571,.525,0.8,1.2,.667,1.4,3.3,4.7,1.1,1.1,0.2,0.9,1.5,4.7
484,Fred VanVleet,PG,29,HOU,44,44,37.1,5.6,13.7,.406,2.9,7.8,.374,2.6,5.9,.450,.513,2.7,3.2,.856,0.4,3.4,3.8,8.5,1.1,0.9,1.6,2.3,16.8
485,Devin Vassell,SG,23,SAS,42,36,31.3,6.7,14.4,.467,2.4,6.7,.361,4.3,7.7,.559,.550,2.4,3.0,.806,0.4,3.2,3.6,3.6,1.1,0.2,1.4,1.1,18.2
486,Sasha Vezenkov,PF,28,SAC,33,0,12.7,2.2,4.8,.456,1.1,2.9,.375,1.1,1.9,.581,.570,0.2,0.3,.700,0.9,1.7,2.6,0.4,0.5,0.2,0.3,0.9,5.7
487,Gabe Vincent,PG,27,LAL,5,0,25.4,2.4,6.4,.375,0.4,3.4,.118,2.0,3.0,.667,.406,0.2,0.4,.500,0.4,0.6,1.0,3.0,1.2,0.0,0.4,2.4,5.4
488,Nikola Vučević,C,33,CHI,42,40,33.8,7.3,15.4,.474,1.1,4.0,.266,6.2,11.4,.547,.509,1.3,1.5,.869,2.6,7.9,10.5,3.5,0.7,0.8,1.5,2.6,16.9
489,Dean Wade,PF,27,CLE,37,29,22.1,1.9,4.6,.424,1.6,3.9,.404,0.4,0.6,.542,.597,0.4,0.5,.789,0.9,3.6,4.5,0.9,0.9,0.3,0.5,2.0,5.9
490,Franz Wagner,SF,22,ORL,39,39,33.0,7.5,16.1,.464,1.5,5.0,.309,5.9,11.1,.533,.512,3.9,4.6,.855,1.1,4.6,5.7,4.0,1.1,0.3,1.9,2.3,20.4
491,Moritz Wagner,C,26,ORL,45,1,19.1,4.4,7.5,.583,0.6,1.7,.329,3.8,5.8,.658,.621,2.3,2.9,.786,1.6,3.1,4.6,1.3,0.5,0.3,1.1,2.2,11.6
492,Ish Wainright,SF,29,POR,7,0,6.6,0.9,2.6,.333,0.9,2.3,.375,0.0,0.3,.000,.500,0.3,0.3,1.000,0.0,1.3,1.3,0.0,0.3,0.1,0.1,0.6,2.9
493,Jabari Walker,SF,21,POR,43,9,21.5,3.0,6.4,.473,0.6,2.0,.294,2.4,4.4,.553,.518,1.8,2.4,.750,1.9,4.5,6.3,0.8,0.7,0.4,1.0,2.3,8.4
494,Jarace Walker,PF,20,IND,15,0,11.0,1.9,4.3,.438,0.8,2.0,.400,1.1,2.3,.471,.531,0.4,0.5,.857,0.5,1.3,1.9,1.3,0.6,0.3,0.5,1.0,4.9
495,Lonnie Walker IV,SG,25,BRK,28,0,18.5,4.3,9.0,.476,2.2,4.9,.442,2.1,4.1,.518,.597,1.1,1.4,.750,0.2,1.9,2.1,1.4,0.6,0.4,1.1,1.1,11.8
496,Cason Wallace,SG,20,OKC,47,7,21.1,2.6,5.0,.515,1.1,2.6,.423,1.5,2.4,.614,.624,0.4,0.5,.833,0.6,1.7,2.3,1.4,0.7,0.4,0.5,1.8,6.7
497,Jordan Walsh,SF,19,BOS,2,0,3.0,0.0,0.5,.000,0.0,0.5,.000,0.0,0.0,,.000,0.0,0.0,,0.0,2.5,2.5,0.5,0.0,0.0,0.0,0.0,0.0
498,P.J. Washington,PF,25,CHO,39,17,28.9,5.1,11.3,.448,1.9,5.5,.343,3.2,5.8,.549,.532,1.4,1.9,.747,1.2,3.9,5.0,2.3,0.8,0.8,1.5,2.6,13.5
499,TyTy Washington Jr.,PG,22,MIL,2,0,3.0,0.5,1.5,.333,0.5,1.0,.500,0.0,0.5,.000,.500,0.0,0.0,,0.0,0.5,0.5,0.0,0.5,0.0,1.0,0.0,1.5
500,Yuta Watanabe,SF,29,PHO,26,0,14.3,1.2,3.6,.344,0.9,2.8,.315,0.3,0.8,.450,.468,0.4,0.6,.667,0.4,1.3,1.7,0.4,0.3,0.3,0.6,1.3,3.7
Rk,Player,Pos,Age,Tm,G,GS,MP,FG,FGA,FG%,3P,3PA,3P%,2P,2PA,2P%,eFG%,FT,FTA,FT%,ORB,DRB,TRB,AST,STL,BLK,TOV,PF,PTS
501,Lindy Waters III,SG,26,OKC,17,0,7.4,1.0,2.4,.425,0.9,2.2,.405,0.1,0.2,.667,.613,0.0,0.0,,0.1,0.8,0.8,0.6,0.0,0.2,0.1,0.7,2.9
502,Trendon Watford,PF,23,BRK,32,0,11.9,2.3,4.3,.533,0.3,0.9,.345,2.0,3.4,.583,.569,0.8,0.9,.828,0.9,1.9,2.8,1.5,0.5,0.2,0.8,1.6,5.6
503,Peyton Watson,SF,21,DEN,46,2,17.7,2.6,5.4,.472,0.7,2.0,.319,1.9,3.4,.564,.532,1.0,1.5,.687,0.5,2.2,2.7,1.0,0.5,0.9,0.6,1.7,6.8
504,Victor Wembanyama,C,20,SAS,41,41,28.6,7.6,16.3,.465,1.5,5.0,.299,6.1,11.3,.538,.510,3.9,4.9,.804,2.2,7.9,10.1,3.1,1.1,3.1,3.4,2.3,20.6
505,Blake Wesley,SG,20,SAS,26,1,11.7,1.5,3.0,.500,0.1,0.6,.125,1.4,2.4,.597,.513,0.5,1.0,.520,0.3,0.8,1.1,2.3,0.5,0.2,0.6,1.5,3.6
506,Russell Westbrook,PG,35,LAC,45,10,23.0,4.5,9.7,.466,0.7,2.3,.288,3.9,7.4,.521,.500,1.6,2.4,.676,1.5,4.2,5.8,4.6,1.1,0.4,2.2,1.9,11.4
507,Coby White,PG,23,CHI,47,47,35.9,6.7,14.7,.457,2.8,7.1,.392,4.0,7.6,.518,.552,2.5,3.1,.815,0.5,4.1,4.7,5.0,0.7,0.3,2.1,2.4,18.8
508,Derrick White,SG,29,BOS,43,43,32.0,5.3,11.7,.456,2.7,6.7,.396,2.7,5.0,.537,.569,2.3,2.6,.891,0.7,3.3,4.0,4.7,1.0,1.2,1.6,2.2,15.6
509,Cam Whitmore,SF,19,HOU,23,1,16.4,4.0,8.4,.482,1.5,3.9,.393,2.5,4.5,.558,.573,1.3,2.0,.660,0.7,3.2,3.9,0.4,0.6,0.3,0.6,1.3,11.0
510,Aaron Wiggins,SG,25,OKC,44,0,13.3,2.2,3.7,.601,0.6,1.2,.549,1.6,2.5,.625,.687,0.5,0.7,.759,0.6,1.6,2.2,0.8,0.5,0.1,0.5,1.2,5.6
511,Andrew Wiggins,SF,28,GSW,39,28,26.9,4.7,10.8,.434,1.0,3.2,.310,3.7,7.6,.486,.480,1.9,2.7,.695,1.7,2.5,4.2,1.6,0.4,0.5,1.4,2.4,12.3
512,Lindell Wigginton,PG,25,MIL,3,0,2.7,0.7,1.7,.400,0.0,0.7,.000,0.7,1.0,.667,.400,0.7,0.7,1.000,0.0,0.0,0.0,0.0,0.0,0.0,0.3,0.3,2.0
513,Brandon Williams,PG,24,DAL,6,0,5.8,1.2,2.2,.538,0.3,0.7,.500,0.8,1.5,.556,.615,0.3,1.0,.333,0.3,0.5,0.8,1.0,0.2,0.2,0.3,0.2,3.0
514,Grant Williams,PF,25,DAL,43,31,26.6,2.9,6.8,.422,1.8,4.6,.382,1.1,2.2,.505,.551,0.8,1.1,.729,1.0,2.6,3.6,1.8,0.5,0.6,1.0,3.0,8.3
515,Jalen Williams,PF,22,OKC,44,44,31.9,7.3,13.5,.539,1.4,3.2,.450,5.9,10.4,.566,.591,2.6,3.3,.806,0.5,3.5,4.0,4.5,1.1,0.5,1.7,2.7,18.7
516,Jaylin Williams,C,21,OKC,39,0,11.9,1.2,3.1,.388,0.7,2.0,.346,0.5,1.1,.465,.500,0.4,0.4,.824,0.5,2.6,3.1,1.3,0.4,0.3,0.4,1.5,3.5
517,Jeenathan Williams,SG,24,HOU,7,0,7.9,1.4,3.3,.435,0.1,0.4,.333,1.3,2.9,.450,.457,0.6,0.7,.800,0.7,0.1,0.9,0.4,0.3,0.0,0.1,0.7,3.6
518,Kenrich Williams,PF,29,OKC,36,0,15.1,1.9,4.0,.472,0.8,2.1,.387,1.1,1.9,.565,.573,0.1,0.3,.300,0.7,2.1,2.9,1.3,0.6,0.1,0.4,1.4,4.7
519,Mark Williams,C,22,CHO,19,19,26.7,5.2,7.9,.649,0.0,0.0,,5.2,7.9,.649,.649,2.4,3.4,.719,4.0,5.7,9.7,1.2,0.8,1.1,0.9,2.6,12.7
520,Patrick Williams,PF,22,CHI,43,30,27.3,3.7,8.3,.443,1.4,3.4,.399,2.3,4.9,.474,.525,1.2,1.5,.788,1.1,2.8,3.9,1.5,0.9,0.8,1.3,2.0,10.0
Rk,Player,Pos,Age,Tm,G,GS,MP,FG,FGA,FG%,3P,3PA,3P%,2P,2PA,2P%,eFG%,FT,FTA,FT%,ORB,DRB,TRB,AST,STL,BLK,TOV,PF,PTS
521,Robert Williams,C,26,POR,6,0,19.8,2.8,4.3,.654,0.0,0.0,,2.8,4.3,.654,.654,1.2,1.5,.778,1.8,4.5,6.3,0.8,1.2,1.2,1.2,2.8,6.8
522,Vince Williams Jr.,SG,23,MEM,36,17,24.8,2.6,6.0,.438,1.6,4.0,.389,1.1,2.0,.534,.567,1.6,2.0,.795,1.3,4.2,5.5,2.2,0.8,0.6,1.1,2.4,8.4
523,Ziaire Williams,SF,22,MEM,44,9,18.8,2.7,7.0,.390,1.1,3.5,.314,1.6,3.5,.467,.469,1.1,1.3,.831,0.7,2.7,3.4,1.5,0.6,0.2,1.3,1.7,7.7
524,Zion Williamson,PF,23,NOP,38,38,30.3,8.7,14.8,.590,0.1,0.3,.364,8.6,14.5,.594,.593,4.4,6.6,.667,1.7,3.8,5.5,4.7,1.0,0.4,2.6,2.4,22.0
525,Jalen Wilson,PF,23,BRK,11,0,9.5,1.5,2.9,.500,0.2,0.7,.250,1.3,2.2,.583,.531,1.4,1.4,1.000,1.4,0.8,2.2,0.8,0.3,0.1,0.3,0.8,4.5
526,Dylan Windler,SF,27,TOT,4,0,3.0,0.5,0.8,.667,0.5,0.8,.667,0.0,0.0,,1.000,0.0,0.0,,0.0,0.3,0.3,0.5,0.0,0.0,0.0,0.5,1.5
526,Dylan Windler,SF,27,NYK,3,0,2.3,0.3,0.7,.500,0.3,0.7,.500,0.0,0.0,,.750,0.0,0.0,,0.0,0.3,0.3,0.3,0.0,0.0,0.0,0.3,1.0
526,Dylan Windler,SF,27,LAL,1,0,5.0,1.0,1.0,1.000,1.0,1.0,1.000,0.0,0.0,,1.500,0.0,0.0,,0.0,0.0,0.0,1.0,0.0,0.0,0.0,1.0,3.0
527,James Wiseman,C,22,DET,29,0,14.6,2.7,3.9,.675,0.0,0.1,.000,2.7,3.9,.688,.675,0.7,1.2,.618,1.4,2.7,4.1,0.6,0.1,0.7,0.9,2.0,6.0
528,Christian Wood,PF,28,LAL,42,1,18.1,2.5,5.3,.471,0.7,2.3,.316,1.8,3.0,.592,.540,1.4,2.0,.695,0.8,4.5,5.3,1.0,0.3,0.7,1.1,1.5,7.1
529,Delon Wright,PG,31,WAS,25,0,15.7,1.6,4.2,.385,0.5,1.2,.387,1.1,2.9,.384,.442,0.9,1.1,.815,0.4,1.7,2.1,3.0,1.2,0.2,0.4,0.8,4.6
530,Thaddeus Young,PF,35,TOR,18,5,13.6,2.0,3.4,.581,0.1,0.2,.250,1.9,3.2,.603,.589,0.2,0.5,.444,1.1,1.7,2.8,2.1,0.9,0.1,0.4,1.6,4.3
531,Trae Young,PG,25,ATL,41,41,36.4,8.3,19.7,.423,3.2,8.9,.361,5.1,10.9,.473,.504,7.2,8.3,.862,0.5,2.4,2.9,10.8,1.4,0.2,4.3,2.0,27.0
532,Omer Yurtseven,C,25,UTA,26,6,10.2,1.5,3.1,.488,0.1,0.6,.200,1.4,2.5,.554,.506,0.2,0.4,.545,1.4,2.6,4.0,0.5,0.2,0.4,0.9,1.3,3.3
533,Cody Zeller,C,31,NOP,33,0,8.3,0.6,1.5,.392,0.0,0.1,.333,0.6,1.5,.396,.402,0.6,1.1,.600,1.1,1.6,2.7,1.0,0.2,0.1,0.3,1.2,1.9
534,Ivica Zubac,C,26,LAC,38,38,27.1,5.3,8.1,.655,0.0,0.0,,5.3,8.1,.655,.655,1.8,2.8,.648,3.3,6.5,9.7,1.3,0.2,1.4,1.1,2.9,12.4
